id,Nb_colonnes_modifiees,Colonnes_modifiees,code_interne,code_interne_Base1,code_interne_Differe,ean,ean_Base1,ean_Differe,description,description_Base1,description_Differe,marque,marque_Base1,marque_Differe,volume,volume_Base1,volume_Differe,lien_fiche,lien_fiche_Base1,lien_fiche_Differe,caracteristique,caracteristique_Base1,caracteristique_Differe,url_img,url_img_Base1,url_img_Differe,categorie_id,categorie_id_Base1,categorie_id_Differe,ean_valide,ean_valide_Base1,ean_valide_Differe,date_validation,date_validation_Base1,date_validation_Differe
206,1,ean,24666,24666,NON,3700110055668,,OUI,Thé vert menthe Destination 50 sachets,Thé vert menthe Destination 50 sachets,NON,Destination,Destination,NON,87g,87g,NON,https://eau-vive.com/magasin-bio/produit/the-vert-menthe-destination-50-sachets_24666,https://eau-vive.com/magasin-bio/produit/the-vert-menthe-destination-50-sachets_24666,NON,,,NON,https://api.eau-vive.com/media/cache/drive_card_list/e8/cd/27286416ddc2c61f0d54d20ac852.jpg,https://api.eau-vive.com/media/cache/drive_card_list/e8/cd/27286416ddc2c61f0d54d20ac852.jpg,NON,4.0,4.0,NON,0,0,NON,2026-08-16,2026-08-16,NON
217,1,ean,16098,16098,NON,3700110005564,,OUI,Thé vert Japon grand sencha Destination 80g,Thé vert Japon grand sencha Destination 80g,NON,Destination,Destination,NON,80g,80g,NON,https://eau-vive.com/magasin-bio/produit/the-vert-japon-grand-sencha-destination-80g_16098,https://eau-vive.com/magasin-bio/produit/the-vert-japon-grand-sencha-destination-80g_16098,NON,,,NON,https://api.eau-vive.com/media/cache/drive_card_list/f0/d7/102d800c20f61c0204003cd07c0b.jpg,https://api.eau-vive.com/media/cache/drive_card_list/f0/d7/102d800c20f61c0204003cd07c0b.jpg,NON,4.0,4.0,NON,0,0,NON,2026-08-16,2026-08-16,NON
227,1,ean,106190,106190,NON,3700110055521,,OUI,Thé Vert Bio FFL Destination 20 x 2 g,Thé Vert Bio FFL Destination 20 x 2 g,NON,Destination,Destination,NON,32g,32g,NON,https://eau-vive.com/magasin-bio/produit/the-vert-bio-ffl-destination-20-x-2-g_106190,https://eau-vive.com/magasin-bio/produit/the-vert-bio-ffl-destination-20-x-2-g_106190,NON,,,NON,https://api.eau-vive.com/media/cache/drive_card_list/7c/02/f7363b4eb0696d33160b72385b19.jpg,https://api.eau-vive.com/media/cache/drive_card_list/7c/02/f7363b4eb0696d33160b72385b19.jpg,NON,4.0,4.0,NON,0,0,NON,2026-08-16,2026-08-16,NON
228,1,ean,106828,106828,NON,3700110055620,,OUI,Thé Vert Earl Grey Bio et équitable Destination 20INF,Thé Vert Earl Grey Bio et équitable Destination 20INF,NON,Destination,Destination,NON,30g,30g,NON,https://eau-vive.com/magasin-bio/produit/the-vert-earl-grey-bio-et-equitable-destination-20inf_106828,https://eau-vive.com/magasin-bio/produit/the-vert-earl-grey-bio-et-equitable-destination-20inf_106828,NON,,,NON,https://api.eau-vive.com/media/cache/drive_card_list/2d/a3/8ea2f65f04d28ca596e22864076c.jpg,https://api.eau-vive.com/media/cache/drive_card_list/2d/a3/8ea2f65f04d28ca596e22864076c.jpg,NON,4.0,4.0,NON,0,0,NON,2026-08-16,2026-08-16,NON
237,1,ean,16151,16151,NON,3700110008275,,OUI,Thé vert menthe Destination 100g,Thé vert menthe Destination 100g,NON,Destination,Destination,NON,100g,100g,NON,https://eau-vive.com/magasin-bio/produit/the-vert-menthe-destination-100g_16151,https://eau-vive.com/magasin-bio/produit/the-vert-menthe-destination-100g_16151,NON,,,NON,,,NON,4.0,4.0,NON,0,0,NON,2026-08-16,2026-08-16,NON
620,1,ean,70604,70604,NON,3700110050700,,OUI,Chicorée nature soluble Destination 100g,Chicorée nature soluble Destination 100g,NON,Destination,Destination,NON,100g,100g,NON,https://eau-vive.com/magasin-bio/produit/chicoree-nature-soluble-destination-100g_70604,https://eau-vive.com/magasin-bio/produit/chicoree-nature-soluble-destination-100g_70604,NON,,,NON,https://api.eau-vive.com/media/cache/drive_card_list/90/09/796bb3798ef38b1ceaafa71d7322.jpg,https://api.eau-vive.com/media/cache/drive_card_list/90/09/796bb3798ef38b1ceaafa71d7322.jpg,NON,4.0,4.0,NON,0,0,NON,2026-08-16,2026-08-16,NON
667,1,ean,70507,70507,NON,3700110005243,,OUI,Thé vert gunpowder Chine Destination 200g,Thé vert gunpowder Chine Destination 200g,NON,Destination,Destination,NON,200g,200g,NON,https://eau-vive.com/magasin-bio/produit/the-vert-gunpowder-chine-destination-200g_70507,https://eau-vive.com/magasin-bio/produit/the-vert-gunpowder-chine-destination-200g_70507,NON,,,NON,https://api.eau-vive.com/media/cache/drive_card_list/ba/58/5ef7ec7884dac861e9c013017650.jpg,https://api.eau-vive.com/media/cache/drive_card_list/ba/58/5ef7ec7884dac861e9c013017650.jpg,NON,4.0,4.0,NON,0,0,NON,2026-08-16,2026-08-16,NON
669,1,ean,93919,93919,NON,3700110050601,,OUI,Thé vert citron MH Destination 80g,Thé vert citron MH Destination 80g,NON,Destination,Destination,NON,80g,80g,NON,https://eau-vive.com/magasin-bio/produit/the-vert-citron-mh-destination-80g_93919,https://eau-vive.com/magasin-bio/produit/the-vert-citron-mh-destination-80g_93919,NON,,,NON,https://api.eau-vive.com/media/cache/drive_card_list/4f/22/18cb7ecdfcb9f6229244ca6f53e7.jpg,https://api.eau-vive.com/media/cache/drive_card_list/4f/22/18cb7ecdfcb9f6229244ca6f53e7.jpg,NON,4.0,4.0,NON,0,0,NON,2026-08-16,2026-08-16,NON
670,1,ean,106197,106197,NON,3700110055644,,OUI,"Thé Vert Bio Destination 50 x 1,6 g","Thé Vert Bio Destination 50 x 1,6 g",NON,Destination,Destination,NON,80g,80g,NON,https://eau-vive.com/magasin-bio/produit/the-vert-bio-destination-50-x-1-6-g_106197,https://eau-vive.com/magasin-bio/produit/the-vert-bio-destination-50-x-1-6-g_106197,NON,Essentiel Bio,Essentiel Bio,NON,https://api.eau-vive.com/media/cache/drive_card_list/63/34/a5458737a9ac9d8e6e8bf3699e2d.jpg,https://api.eau-vive.com/media/cache/drive_card_list/63/34/a5458737a9ac9d8e6e8bf3699e2d.jpg,NON,4.0,4.0,NON,0,0,NON,2026-08-16,2026-08-16,NON
672,1,ean,106712,106712,NON,3700110055637,,OUI,Thé Vert BIO à la Menthe Destination 20 infusettes,Thé Vert BIO à la Menthe Destination 20 infusettes,NON,Destination,Destination,NON,35g,35g,NON,https://eau-vive.com/magasin-bio/produit/the-vert-bio-a-la-menthe-destination-20-infusettes_106712,https://eau-vive.com/magasin-bio/produit/the-vert-bio-a-la-menthe-destination-20-infusettes_106712,NON,,,NON,https://api.eau-vive.com/media/cache/drive_card_list/e9/2a/958c9457969851eb15e7d3bffa84.jpg,https://api.eau-vive.com/media/cache/drive_card_list/e9/2a/958c9457969851eb15e7d3bffa84.jpg,NON,4.0,4.0,NON,0,0,NON,2026-08-16,2026-08-16,NON
1403,1,ean,109677,109677,NON,,3291960008688,OUI,Savonnettes karité Emma Noël 3x150g,Savonnettes karité Emma Noël 3x150g,NON,Emma Noël,Emma Noël,NON,450g,450g,NON,https://eau-vive.com/magasin-bio/produit/savonnettes-karite-emma-noel-3x150g_109677,https://eau-vive.com/magasin-bio/produit/savonnettes-karite-emma-noel-3x150g_109677,NON,,,NON,https://api.eau-vive.com/media/cache/drive_card_list/33/79/05335fe58fee8e2ce946ed9479be.jpg,https://api.eau-vive.com/media/cache/drive_card_list/33/79/05335fe58fee8e2ce946ed9479be.jpg,NON,8.0,8.0,NON,0,0,NON,2026-08-14,2026-08-14,NON
1404,1,ean,109783,109783,NON,,3291960011749,OUI,Savonettes amande douce et agrumes Emma Noël 3x150g,Savonettes amande douce et agrumes Emma Noël 3x150g,NON,Emma Noël,Emma Noël,NON,450g,450g,NON,https://eau-vive.com/magasin-bio/produit/savonettes-amande-douce-et-agrumes-emma-noel-3x150g_109783,https://eau-vive.com/magasin-bio/produit/savonettes-amande-douce-et-agrumes-emma-noel-3x150g_109783,NON,,,NON,https://api.eau-vive.com/media/cache/drive_card_list/98/2d/437eb299ef9d6b43e9925fa276fe.jpg,https://api.eau-vive.com/media/cache/drive_card_list/98/2d/437eb299ef9d6b43e9925fa276fe.jpg,NON,8.0,8.0,NON,0,0,NON,2026-08-14,2026-08-14,NON
1409,1,ean,13965,13965,NON,3380390900904,,OUI,Savon d'Alep non bio Douce Nature 200g,Savon d'Alep non bio Douce Nature 200g,NON,Douce Nature,Douce Nature,NON,200g,200g,NON,https://eau-vive.com/magasin-bio/produit/savon-d-alep-non-bio-douce-nature-200g_13965,https://eau-vive.com/magasin-bio/produit/savon-d-alep-non-bio-douce-nature-200g_13965,NON,,,NON,,,NON,8.0,8.0,NON,0,0,NON,2026-08-12,2026-08-12,NON
1417,1,ean,97656,97656,NON,,3291960014436,OUI,Savonnettes monoï Emma Noël x3,Savonnettes monoï Emma Noël x3,NON,Emma Noël,Emma Noël,NON,450g,450g,NON,https://eau-vive.com/magasin-bio/produit/savonnettes-monoi-emma-noel-x3_97656,https://eau-vive.com/magasin-bio/produit/savonnettes-monoi-emma-noel-x3_97656,NON,,,NON,,,NON,8.0,8.0,NON,0,0,NON,2026-08-14,2026-08-14,NON
1418,1,ean,99934,99934,NON,,3760349311126,OUI,Savon à l'huile de baies de laurier Comme Avant 100g,Savon à l'huile de baies de laurier Comme Avant 100g,NON,Comme Avant,Comme Avant,NON,100g,100g,NON,https://eau-vive.com/magasin-bio/produit/savon-a-l-huile-de-baies-de-laurier-comme-avant-100g_99934,https://eau-vive.com/magasin-bio/produit/savon-a-l-huile-de-baies-de-laurier-comme-avant-100g_99934,NON,,,NON,,,NON,8.0,8.0,NON,0,0,NON,2026-08-12,2026-08-12,NON
1419,1,ean,99935,99935,NON,,3760349311133,OUI,Savon à l'huile de bourrache Comme Avant 100g,Savon à l'huile de bourrache Comme Avant 100g,NON,Comme Avant,Comme Avant,NON,100g,100g,NON,https://eau-vive.com/magasin-bio/produit/savon-a-l-huile-de-bourrache-comme-avant-100g_99935,https://eau-vive.com/magasin-bio/produit/savon-a-l-huile-de-bourrache-comme-avant-100g_99935,NON,,,NON,,,NON,8.0,8.0,NON,0,0,NON,2026-08-12,2026-08-12,NON
1420,1,ean,119647,119647,NON,,3760349311140,OUI,Savon au beurre de karité Comme Avant 100g,Savon au beurre de karité Comme Avant 100g,NON,Comme Avant,Comme Avant,NON,100g,100g,NON,https://eau-vive.com/magasin-bio/produit/savon-au-beurre-de-karite-comme-avant-100g_119647,https://eau-vive.com/magasin-bio/produit/savon-au-beurre-de-karite-comme-avant-100g_119647,NON,,,NON,,,NON,8.0,8.0,NON,0,0,NON,2026-08-12,2026-08-12,NON
1467,1,ean,123367,123367,NON,,3760349456056,OUI,Kit découverte déodorant en poudre à diluer fleur de coton Pimpant 20g,Kit découverte déodorant en poudre à diluer fleur de coton Pimpant 20g,NON,Pimpant,Pimpant,NON,20g,20g,NON,https://eau-vive.com/magasin-bio/produit/kit-decouverte-deodorant-en-poudre-a-diluer-fleur-de-coton-pimpant-20g_123367,https://eau-vive.com/magasin-bio/produit/kit-decouverte-deodorant-en-poudre-a-diluer-fleur-de-coton-pimpant-20g_123367,NON,,,NON,https://api.eau-vive.com/media/cache/drive_card_list/d2/7f/0082c93196742095448d6341a5e6.jpg,https://api.eau-vive.com/media/cache/drive_card_list/d2/7f/0082c93196742095448d6341a5e6.jpg,NON,8.0,8.0,NON,0,0,NON,2026-08-14,2026-08-14,NON
1492,1,ean,34787,34787,NON,,3291960015181,OUI,Huile sèche monoï pour le corps Emma Noël 100ml,Huile sèche monoï pour le corps Emma Noël 100ml,NON,Emma Noël,Emma Noël,NON,100mL,100mL,NON,https://eau-vive.com/magasin-bio/produit/huile-seche-monoi-pour-le-corps-emma-noel-100ml_34787,https://eau-vive.com/magasin-bio/produit/huile-seche-monoi-pour-le-corps-emma-noel-100ml_34787,NON,,,NON,,,NON,8.0,8.0,NON,0,0,NON,2026-08-14,2026-08-14,NON
1606,1,ean,123357,123357,NON,,3760349311805,OUI,Dentifrice à l'argile blanche fraise Comme Avant 90ml,Dentifrice à l'argile blanche fraise Comme Avant 90ml,NON,Comme Avant,Comme Avant,NON,90mL,90mL,NON,https://eau-vive.com/magasin-bio/produit/dentifrice-a-l-argile-blanche-fraise-comme-avant-90ml_123357,https://eau-vive.com/magasin-bio/produit/dentifrice-a-l-argile-blanche-fraise-comme-avant-90ml_123357,NON,,,NON,,,NON,8.0,8.0,NON,0,0,NON,2026-08-12,2026-08-12,NON
1621,1,ean,83040,83040,NON,,3052351354643,OUI,Démaquillant solide à l'huile de jojoba Comme Avant 40g,Démaquillant solide à l'huile de jojoba Comme Avant 40g,NON,Comme Avant,Comme Avant,NON,40g,40g,NON,https://eau-vive.com/magasin-bio/produit/demaquillant-solide-a-l-huile-de-jojoba-comme-avant-40g_83040,https://eau-vive.com/magasin-bio/produit/demaquillant-solide-a-l-huile-de-jojoba-comme-avant-40g_83040,NON,,,NON,,,NON,8.0,8.0,NON,0,0,NON,2026-08-12,2026-08-12,NON
1641,2,"ean, volume",123331,123331,NON,,3701761500354,OUI,Sérum liftant collagène routine anti-âge Endro 30ml,Sérum liftant collagène routine anti-âge Endro 30ml,NON,Endro,Endro,NON,100L,,OUI,https://eau-vive.com/magasin-bio/produit/serum-liftant-collagene-routine-anti-age-endro-30ml_123331,https://eau-vive.com/magasin-bio/produit/serum-liftant-collagene-routine-anti-age-endro-30ml_123331,NON,,,NON,,,NON,8.0,8.0,NON,0,0,NON,2026-08-16,2026-08-16,NON
1642,2,"ean, volume",123334,123334,NON,,3701761500385,OUI,Sérum hydratant routine hydratante Endro 30ml,Sérum hydratant routine hydratante Endro 30ml,NON,Endro,Endro,NON,100L,,OUI,https://eau-vive.com/magasin-bio/produit/serum-hydratant-routine-hydratante-endro-30ml_123334,https://eau-vive.com/magasin-bio/produit/serum-hydratant-routine-hydratante-endro-30ml_123334,NON,,,NON,,,NON,8.0,8.0,NON,0,0,NON,2026-08-16,2026-08-16,NON
1643,2,"ean, volume",123335,123335,NON,,3701761500392,OUI,Sérum repulpant routine anti-âge Endro 30ml,Sérum repulpant routine anti-âge Endro 30ml,NON,Endro,Endro,NON,100L,,OUI,https://eau-vive.com/magasin-bio/produit/serum-repulpant-routine-anti-age-endro-30ml_123335,https://eau-vive.com/magasin-bio/produit/serum-repulpant-routine-anti-age-endro-30ml_123335,NON,,,NON,,,NON,8.0,8.0,NON,0,0,NON,2026-08-16,2026-08-16,NON
1644,2,"ean, volume",123345,123345,NON,,3701761500606,OUI,Crème de jour anti-âge routine anti-âge Endro 50ml,Crème de jour anti-âge routine anti-âge Endro 50ml,NON,Endro,Endro,NON,100L,,OUI,https://eau-vive.com/magasin-bio/produit/creme-de-jour-anti-age-routine-anti-age-endro-50ml_123345,https://eau-vive.com/magasin-bio/produit/creme-de-jour-anti-age-routine-anti-age-endro-50ml_123345,NON,,,NON,,,NON,8.0,8.0,NON,0,0,NON,2026-08-16,2026-08-16,NON
1649,2,"ean, volume",123333,123333,NON,,3701761500378,OUI,Sérum anti-tâches routine anti-tâches Endro 30ml,Sérum anti-tâches routine anti-tâches Endro 30ml,NON,Endro,Endro,NON,100L,,OUI,https://eau-vive.com/magasin-bio/produit/serum-anti-taches-routine-anti-taches-endro-30ml_123333,https://eau-vive.com/magasin-bio/produit/serum-anti-taches-routine-anti-taches-endro-30ml_123333,NON,,,NON,https://api.eau-vive.com/media/cache/drive_card_list/db/cd/f6dedf928f356d90eaecdcbd3fc3.jpg,https://api.eau-vive.com/media/cache/drive_card_list/db/cd/f6dedf928f356d90eaecdcbd3fc3.jpg,NON,8.0,8.0,NON,0,0,NON,2026-08-16,2026-08-16,NON
1667,2,"ean, volume",123332,123332,NON,,3701761500361,OUI,Sérum bonne mine routine éclat Endro 30ml,Sérum bonne mine routine éclat Endro 30ml,NON,Endro,Endro,NON,100L,,OUI,https://eau-vive.com/magasin-bio/produit/serum-bonne-mine-routine-eclat-endro-30ml_123332,https://eau-vive.com/magasin-bio/produit/serum-bonne-mine-routine-eclat-endro-30ml_123332,NON,,,NON,https://api.eau-vive.com/media/cache/drive_card_list/fa/33/859cfae3d8f12d4d9703107cd384.jpg,https://api.eau-vive.com/media/cache/drive_card_list/fa/33/859cfae3d8f12d4d9703107cd384.jpg,NON,8.0,8.0,NON,0,0,NON,2026-08-16,2026-08-16,NON
1668,2,"ean, volume",123343,123343,NON,,3701761500583,OUI,Crème hydratante visage routine hydratante Endro 50ml,Crème hydratante visage routine hydratante Endro 50ml,NON,Endro,Endro,NON,100L,,OUI,https://eau-vive.com/magasin-bio/produit/creme-hydratante-visage-routine-hydratante-endro-50ml_123343,https://eau-vive.com/magasin-bio/produit/creme-hydratante-visage-routine-hydratante-endro-50ml_123343,NON,,,NON,,,NON,8.0,8.0,NON,0,0,NON,2026-08-16,2026-08-16,NON
1669,2,"ean, volume",123346,123346,NON,,3701761500613,OUI,Crème visage bonne mine routine éclat Endro 50ml,Crème visage bonne mine routine éclat Endro 50ml,NON,Endro,Endro,NON,50g,,OUI,https://eau-vive.com/magasin-bio/produit/creme-visage-bonne-mine-routine-eclat-endro-50ml_123346,https://eau-vive.com/magasin-bio/produit/creme-visage-bonne-mine-routine-eclat-endro-50ml_123346,NON,,,NON,https://api.eau-vive.com/media/cache/drive_card_list/c5/44/4ec919d50e45ab00ee9c02704b45.jpg,https://api.eau-vive.com/media/cache/drive_card_list/c5/44/4ec919d50e45ab00ee9c02704b45.jpg,NON,8.0,8.0,NON,0,0,NON,2026-08-16,2026-08-16,NON
1688,1,ean,108045,108045,NON,,3760349310655,OUI,Parfum solide vanille et jasmin Comme Avant 20g,Parfum solide vanille et jasmin Comme Avant 20g,NON,Comme Avant,Comme Avant,NON,20g,20g,NON,https://eau-vive.com/magasin-bio/produit/parfum-solide-vanille-et-jasmin-comme-avant-20g_108045,https://eau-vive.com/magasin-bio/produit/parfum-solide-vanille-et-jasmin-comme-avant-20g_108045,NON,,,NON,https://api.eau-vive.com/media/cache/drive_card_list/f4/dd/964aa038888336464d6d620c6385.jpg,https://api.eau-vive.com/media/cache/drive_card_list/f4/dd/964aa038888336464d6d620c6385.jpg,NON,8.0,8.0,NON,0,0,NON,2026-08-12,2026-08-12,NON
1689,1,ean,108046,108046,NON,,3760349310679,OUI,Parfum solide lait de coco fleur d'oranger Comme Avant 20g,Parfum solide lait de coco fleur d'oranger Comme Avant 20g,NON,Comme Avant,Comme Avant,NON,20g,20g,NON,https://eau-vive.com/magasin-bio/produit/parfum-solide-lait-de-coco-fleur-d-oranger-comme-avant-20g_108046,https://eau-vive.com/magasin-bio/produit/parfum-solide-lait-de-coco-fleur-d-oranger-comme-avant-20g_108046,NON,,,NON,https://api.eau-vive.com/media/cache/drive_card_list/51/4e/fb5dfbfab8c792a5081665408a47.jpg,https://api.eau-vive.com/media/cache/drive_card_list/51/4e/fb5dfbfab8c792a5081665408a47.jpg,NON,8.0,8.0,NON,0,0,NON,2026-08-12,2026-08-12,NON
1874,1,ean,123359,123359,NON,,3760349454083,OUI,Lessive universelle en poudre Pimpant 700g,Lessive universelle en poudre Pimpant 700g,NON,Pimpant,Pimpant,NON,700g,700g,NON,https://eau-vive.com/magasin-bio/produit/lessive-universelle-en-poudre-pimpant-700g_123359,https://eau-vive.com/magasin-bio/produit/lessive-universelle-en-poudre-pimpant-700g_123359,NON,,,NON,,,NON,7.0,7.0,NON,0,0,NON,2026-08-14,2026-08-14,NON
2059,1,ean,84704,84704,NON,3252920034239,,OUI,Lait écrémé en poudre Grandeur Nature 300g,Lait écrémé en poudre Grandeur Nature 300g,NON,Grandeur Nature,Grandeur Nature,NON,300g,300g,NON,https://eau-vive.com/magasin-bio/produit/lait-ecreme-en-poudre-grandeur-nature-300g_84704,https://eau-vive.com/magasin-bio/produit/lait-ecreme-en-poudre-grandeur-nature-300g_84704,NON,,,NON,,,NON,5.0,5.0,NON,0,0,NON,2026-08-13,2026-08-13,NON
2661,1,ean,122043,122043,NON,,3700531213654,OUI,Bonbons crazy citron Belledonne 120g,Bonbons crazy citron Belledonne 120g,NON,Belledonne,Belledonne,NON,120g,120g,NON,https://eau-vive.com/magasin-bio/produit/bonbons-crazy-citron-belledonne-120g_122043,https://eau-vive.com/magasin-bio/produit/bonbons-crazy-citron-belledonne-120g_122043,NON,,,NON,https://api.eau-vive.com/media/cache/drive_card_list/c3/13/9a7894fdf17e50c167f3fdb4ec25.jpg,https://api.eau-vive.com/media/cache/drive_card_list/c3/13/9a7894fdf17e50c167f3fdb4ec25.jpg,NON,3.0,3.0,NON,0,0,NON,2026-08-12,2026-08-12,NON
3497,1,ean,110387,110387,NON,,3291960017888,OUI,Ail Noir Tête Emile Noël 65g,Ail Noir Tête Emile Noël 65g,NON,Emile Noël,Emile Noël,NON,65g,65g,NON,https://eau-vive.com/magasin-bio/produit/ail-noir-tete-emile-noel-65g_110387,https://eau-vive.com/magasin-bio/produit/ail-noir-tete-emile-noel-65g_110387,NON,,,NON,https://api.eau-vive.com/media/cache/drive_card_list/a4/4c/45fe4f958a1c71d624e039484ef5.jpg,https://api.eau-vive.com/media/cache/drive_card_list/a4/4c/45fe4f958a1c71d624e039484ef5.jpg,NON,2.0,2.0,NON,0,0,NON,2026-08-13,2026-08-13,NON
3546,1,ean,1431,1431,NON,,3291960000026,OUI,Huile de tournesol vierge Emile Noël 1l,Huile de tournesol vierge Emile Noël 1l,NON,Emile Noël,Emile Noël,NON,1L,1L,NON,https://eau-vive.com/magasin-bio/produit/huile-de-tournesol-vierge-emile-noel-1l_1431,https://eau-vive.com/magasin-bio/produit/huile-de-tournesol-vierge-emile-noel-1l_1431,NON,,,NON,https://api.eau-vive.com/media/cache/drive_card_list/33/c8/9015d4d89e272db95db264185c9c.jpg,https://api.eau-vive.com/media/cache/drive_card_list/33/c8/9015d4d89e272db95db264185c9c.jpg,NON,2.0,2.0,NON,0,0,NON,2026-08-13,2026-08-13,NON
3549,1,ean,17575,17575,NON,,3291960004826,OUI,Huile de lin vierge Emile Noël 25cl,Huile de lin vierge Emile Noël 25cl,NON,Emile Noël,Emile Noël,NON,25cL,25cL,NON,https://eau-vive.com/magasin-bio/produit/huile-de-lin-vierge-emile-noel-25cl_17575,https://eau-vive.com/magasin-bio/produit/huile-de-lin-vierge-emile-noel-25cl_17575,NON,,,NON,https://api.eau-vive.com/media/cache/drive_card_list/5c/e1/d58e4d3e1b63de8aa90eeced06b2.jpg,https://api.eau-vive.com/media/cache/drive_card_list/5c/e1/d58e4d3e1b63de8aa90eeced06b2.jpg,NON,2.0,2.0,NON,0,0,NON,2026-08-13,2026-08-13,NON
3551,1,ean,3555,3555,NON,,3291960006783,OUI,Huile de noisette Emile Noël 25cl,Huile de noisette Emile Noël 25cl,NON,Emile Noël,Emile Noël,NON,25cL,25cL,NON,https://eau-vive.com/magasin-bio/produit/huile-de-noisette-emile-noel-25cl_3555,https://eau-vive.com/magasin-bio/produit/huile-de-noisette-emile-noel-25cl_3555,NON,,,NON,https://api.eau-vive.com/media/cache/drive_card_list/a8/da/e16b59a6f7bc8a0f367c6a19a8ed.jpg,https://api.eau-vive.com/media/cache/drive_card_list/a8/da/e16b59a6f7bc8a0f367c6a19a8ed.jpg,NON,2.0,2.0,NON,0,0,NON,2026-08-13,2026-08-13,NON
3555,1,ean,5343,5343,NON,,3291960005960,OUI,Huile d'olive extra fruitée Emile Noël 1L,Huile d'olive extra fruitée Emile Noël 1L,NON,Emile Noël,Emile Noël,NON,1L,1L,NON,https://eau-vive.com/magasin-bio/produit/huile-d-olive-extra-fruitee-emile-noel-1l_5343,https://eau-vive.com/magasin-bio/produit/huile-d-olive-extra-fruitee-emile-noel-1l_5343,NON,,,NON,https://api.eau-vive.com/media/cache/drive_card_list/36/f4/d5e93739c1fb76da83a0cdaa7427.jpg,https://api.eau-vive.com/media/cache/drive_card_list/36/f4/d5e93739c1fb76da83a0cdaa7427.jpg,NON,2.0,2.0,NON,0,0,NON,2026-08-13,2026-08-13,NON
3558,1,ean,25599,25599,NON,,3291960012968,OUI,Huile d'olive bio vierge extra fruité mûr Emile Noël 1L,Huile d'olive bio vierge extra fruité mûr Emile Noël 1L,NON,Emile Noël,Emile Noël,NON,1L,1L,NON,https://eau-vive.com/magasin-bio/produit/huile-d-olive-bio-vierge-extra-fruite-mur-emile-noel-1l_25599,https://eau-vive.com/magasin-bio/produit/huile-d-olive-bio-vierge-extra-fruite-mur-emile-noel-1l_25599,NON,,,NON,,,NON,2.0,2.0,NON,0,0,NON,2026-08-13,2026-08-13,NON
3559,1,ean,1398,1398,NON,,3291960006134,OUI,Huile d'olive vierge extra douce Emile Noël 1L,Huile d'olive vierge extra douce Emile Noël 1L,NON,Emile Noël,Emile Noël,NON,1L,1L,NON,https://eau-vive.com/magasin-bio/produit/huile-d-olive-vierge-extra-douce-emile-noel-1l_1398,https://eau-vive.com/magasin-bio/produit/huile-d-olive-vierge-extra-douce-emile-noel-1l_1398,NON,,,NON,,,NON,2.0,2.0,NON,0,0,NON,2026-08-13,2026-08-13,NON
3560,1,ean,8762,8762,NON,,3291960011121,OUI,Huile de sésame vierge Emile Noel 1L,Huile de sésame vierge Emile Noel 1L,NON,Emile Noël,Emile Noël,NON,1L,1L,NON,https://eau-vive.com/magasin-bio/produit/huile-de-sesame-vierge-emile-noel-1l_8762,https://eau-vive.com/magasin-bio/produit/huile-de-sesame-vierge-emile-noel-1l_8762,NON,,,NON,,,NON,2.0,2.0,NON,0,0,NON,2026-08-13,2026-08-13,NON
3586,1,ean,11946,11946,NON,,3291960016041,OUI,Huile riche en oméga 3 Emile Noël 1L,Huile riche en oméga 3 Emile Noël 1L,NON,Emile Noël,Emile Noël,NON,1L,1L,NON,https://eau-vive.com/magasin-bio/produit/huile-riche-en-omega-3-emile-noel-1l_11946,https://eau-vive.com/magasin-bio/produit/huile-riche-en-omega-3-emile-noel-1l_11946,NON,,,NON,https://api.eau-vive.com/media/cache/drive_card_list/13/9d/6dfcef73b1d4c985d3472681d29c.jpg,https://api.eau-vive.com/media/cache/drive_card_list/13/9d/6dfcef73b1d4c985d3472681d29c.jpg,NON,2.0,2.0,NON,0,0,NON,2026-08-13,2026-08-13,NON
3698,1,ean,102758,102758,NON,,3111900330092,OUI,Céréales Crush fourrées choco noisettes Favrichon 350 g,Céréales Crush fourrées choco noisettes Favrichon 350 g,NON,Favrichon,Favrichon,NON,350g,350g,NON,https://eau-vive.com/magasin-bio/produit/cereales-crush-fourrees-choco-noisettes-favrichon-350-g_102758,https://eau-vive.com/magasin-bio/produit/cereales-crush-fourrees-choco-noisettes-favrichon-350-g_102758,NON,Essentiel Bio,Essentiel Bio,NON,,,NON,3.0,3.0,NON,0,0,NON,2026-08-16,2026-08-16,NON
3732,1,ean,111853,111853,NON,,3111900360150,OUI,Muesli croustillant nature Favrichon 1kg,Muesli croustillant nature Favrichon 1kg,NON,Favrichon,Favrichon,NON,1Kg,1Kg,NON,https://eau-vive.com/magasin-bio/produit/muesli-croustillant-nature-favrichon-1kg_111853,https://eau-vive.com/magasin-bio/produit/muesli-croustillant-nature-favrichon-1kg_111853,NON,Essentiel Bio; Sans Gluten,Essentiel Bio; Sans Gluten,NON,,,NON,3.0,3.0,NON,0,0,NON,2026-08-16,2026-08-16,NON
4471,1,ean,122955,122955,NON,,3770008500846,OUI,Mélange fruits secs et légumineuses Go Nuts 125g,Mélange fruits secs et légumineuses Go Nuts 125g,NON,Go Nuts,Go Nuts,NON,125g,125g,NON,https://eau-vive.com/magasin-bio/produit/melange-fruits-secs-et-legumineuses-go-nuts-125g_122955,https://eau-vive.com/magasin-bio/produit/melange-fruits-secs-et-legumineuses-go-nuts-125g_122955,NON,,,NON,https://api.eau-vive.com/media/cache/drive_card_list/8c/d6/fb886c210308e38111dc3bf3ccef.jpg,https://api.eau-vive.com/media/cache/drive_card_list/8c/d6/fb886c210308e38111dc3bf3ccef.jpg,NON,3.0,3.0,NON,0,0,NON,2026-08-16,2026-08-16,NON
6511,1,ean,123360,123360,NON,,3760349454090,OUI,Lessive couleur en poudre Pimpant 700g,Lessive couleur en poudre Pimpant 700g,NON,Pimpant,Pimpant,NON,700g,700g,NON,https://eau-vive.com/magasin-bio/produit/lessive-couleur-en-poudre-pimpant-700g_123360,https://eau-vive.com/magasin-bio/produit/lessive-couleur-en-poudre-pimpant-700g_123360,NON,,,NON,,,NON,7.0,7.0,NON,0,0,NON,2026-08-14,2026-08-14,NON
6512,1,ean,123361,123361,NON,,3760349454120,OUI,Blanchissant détachant en poudre Pimpant 700g,Blanchissant détachant en poudre Pimpant 700g,NON,Pimpant,Pimpant,NON,700g,700g,NON,https://eau-vive.com/magasin-bio/produit/blanchissant-detachant-en-poudre-pimpant-700g_123361,https://eau-vive.com/magasin-bio/produit/blanchissant-detachant-en-poudre-pimpant-700g_123361,NON,,,NON,,,NON,7.0,7.0,NON,0,0,NON,2026-08-14,2026-08-14,NON
6518,1,ean,121538,121538,NON,,3760349450931,OUI,Recharge liquide vaisselle agrumes Pimpant 25g,Recharge liquide vaisselle agrumes Pimpant 25g,NON,Pimpant,Pimpant,NON,25g,25g,NON,https://eau-vive.com/magasin-bio/produit/recharge-liquide-vaisselle-agrumes-pimpant-25g_121538,https://eau-vive.com/magasin-bio/produit/recharge-liquide-vaisselle-agrumes-pimpant-25g_121538,NON,,,NON,https://api.eau-vive.com/media/cache/drive_card_list/a4/21/3e77fbb14b7def5e745e8ee62068.jpg,https://api.eau-vive.com/media/cache/drive_card_list/a4/21/3e77fbb14b7def5e745e8ee62068.jpg,NON,7.0,7.0,NON,0,0,NON,2026-08-14,2026-08-14,NON
6531,1,ean,116157,116157,NON,,3760349451198,OUI,Recharge spray multi-usage Pimpant 50g,Recharge spray multi-usage Pimpant 50g,NON,Pimpant,Pimpant,NON,1Kg,1Kg,NON,https://eau-vive.com/magasin-bio/produit/recharge-spray-multi-usage-pimpant-50g_116157,https://eau-vive.com/magasin-bio/produit/recharge-spray-multi-usage-pimpant-50g_116157,NON,,,NON,https://api.eau-vive.com/media/cache/drive_card_list/f7/1a/bf73567a24fa345d7b07ae3d6b92.jpg,https://api.eau-vive.com/media/cache/drive_card_list/f7/1a/bf73567a24fa345d7b07ae3d6b92.jpg,NON,7.0,7.0,NON,0,0,NON,2026-08-14,2026-08-14,NON
6566,1,ean,103888,103888,NON,3700110050618,,OUI,Thé vert aux agrumes Destination 80g,Thé vert aux agrumes Destination 80g,NON,Destination,Destination,NON,80g,80g,NON,https://eau-vive.com/magasin-bio/produit/the-vert-aux-agrumes-destination-80g_103888,https://eau-vive.com/magasin-bio/produit/the-vert-aux-agrumes-destination-80g_103888,NON,,,NON,https://api.eau-vive.com/media/cache/drive_card_list/8a/d1/8b2e1eedb94b384e290523daff95.jpg,https://api.eau-vive.com/media/cache/drive_card_list/8a/d1/8b2e1eedb94b384e290523daff95.jpg,NON,4.0,4.0,NON,0,0,NON,2026-08-16,2026-08-16,NON
6638,1,ean,116548,116548,NON,,3760349451181,OUI,Recharge pour spray anti-calcaire Pimpant 50g,Recharge pour spray anti-calcaire Pimpant 50g,NON,Pimpant,Pimpant,NON,50g,50g,NON,https://eau-vive.com/magasin-bio/produit/recharge-pour-spray-anti-calcaire-pimpant-50g_116548,https://eau-vive.com/magasin-bio/produit/recharge-pour-spray-anti-calcaire-pimpant-50g_116548,NON,,,NON,https://api.eau-vive.com/media/cache/drive_card_list/ee/c8/0aea1c4d7862aab42e9227f20828.jpg,https://api.eau-vive.com/media/cache/drive_card_list/ee/c8/0aea1c4d7862aab42e9227f20828.jpg,NON,7.0,7.0,NON,0,0,NON,2026-08-14,2026-08-14,NON
6639,1,ean,123369,123369,NON,,3760349456315,OUI,Tablettes lave-vaisselle sans film Pimpant x30,Tablettes lave-vaisselle sans film Pimpant x30,NON,Pimpant,Pimpant,NON,540g,540g,NON,https://eau-vive.com/magasin-bio/produit/tablettes-lave-vaisselle-sans-film-pimpant-x30_123369,https://eau-vive.com/magasin-bio/produit/tablettes-lave-vaisselle-sans-film-pimpant-x30_123369,NON,,,NON,,,NON,7.0,7.0,NON,0,0,NON,2026-08-14,2026-08-14,NON
6648,1,ean,116546,116546,NON,,3770013543050,OUI,Savon détachant artisanal Pimpant 75g,Savon détachant artisanal Pimpant 75g,NON,Pimpant,Pimpant,NON,1Kg,1Kg,NON,https://eau-vive.com/magasin-bio/produit/savon-detachant-artisanal-pimpant-75g_116546,https://eau-vive.com/magasin-bio/produit/savon-detachant-artisanal-pimpant-75g_116546,NON,,,NON,https://api.eau-vive.com/media/cache/drive_card_list/b0/f1/b6c742d0b01072f96e09c10caeec.jpg,https://api.eau-vive.com/media/cache/drive_card_list/b0/f1/b6c742d0b01072f96e09c10caeec.jpg,NON,7.0,7.0,NON,0,0,NON,2026-08-14,2026-08-14,NON
6655,1,ean,24121,24121,NON,,3760138835383,OUI,Sacs de congélation éco Ah Table 25x30cm x30,Sacs de congélation éco Ah Table 25x30cm x30,NON,Ah Table,Ah Table,NON,2.80€ / Unité,2.80€ / Unité,NON,https://eau-vive.com/magasin-bio/produit/sacs-de-congelation-eco-ah-table-25x30cm-x30_24121,https://eau-vive.com/magasin-bio/produit/sacs-de-congelation-eco-ah-table-25x30cm-x30_24121,NON,,,NON,https://api.eau-vive.com/media/cache/drive_card_list/58/35/eab560057517eb5d60dfc04594c8.jpg,https://api.eau-vive.com/media/cache/drive_card_list/58/35/eab560057517eb5d60dfc04594c8.jpg,NON,7.0,7.0,NON,0,0,NON,2026-08-16,2026-08-16,NON
6722,1,ean,80033,80033,NON,,3760275571328,OUI,Sauce piment doux Autour du Riz 200ml,Sauce piment doux Autour du Riz 200ml,NON,Autour du Riz,Autour du Riz,NON,200g,200g,NON,https://eau-vive.com/magasin-bio/produit/sauce-piment-doux-autour-du-riz-200ml_80033,https://eau-vive.com/magasin-bio/produit/sauce-piment-doux-autour-du-riz-200ml_80033,NON,,,NON,,,NON,2.0,2.0,NON,0,0,NON,2026-08-13,2026-08-13,NON
6727,1,ean,109218,109218,NON,,3111900330108,OUI,Céréales Crosti Crush au chocolat au lait Favrichon 350g,Céréales Crosti Crush au chocolat au lait Favrichon 350g,NON,Favrichon,Favrichon,NON,375g,375g,NON,https://eau-vive.com/magasin-bio/produit/cereales-crosti-crush-au-chocolat-au-lait-favrichon-350g_109218,https://eau-vive.com/magasin-bio/produit/cereales-crosti-crush-au-chocolat-au-lait-favrichon-350g_109218,NON,,,NON,,,NON,3.0,3.0,NON,0,0,NON,2026-08-16,2026-08-16,NON
7094,1,ean,65222,65222,NON,,3760103146469,OUI,Riz jasmin blanc Autour du Riz 2kg,Riz jasmin blanc Autour du Riz 2kg,NON,Autour du Riz,Autour du Riz,NON,2Kg,2Kg,NON,https://eau-vive.com/magasin-bio/produit/riz-jasmin-blanc-autour-du-riz-2kg_65222,https://eau-vive.com/magasin-bio/produit/riz-jasmin-blanc-autour-du-riz-2kg_65222,NON,,,NON,,,NON,2.0,2.0,NON,0,0,NON,2026-08-13,2026-08-13,NON
7254,1,ean,73764,73764,NON,,3770008500082,OUI,Purée choco noisette Go Nuts 265g,Purée choco noisette Go Nuts 265g,NON,Go Nuts,Go Nuts,NON,265g,265g,NON,https://eau-vive.com/magasin-bio/produit/puree-choco-noisette-265g_73764,https://eau-vive.com/magasin-bio/produit/puree-choco-noisette-265g_73764,NON,Local; Rhône,Local; Rhône,NON,https://api.eau-vive.com/media/cache/drive_card_list/8a/cf/f3cc9e9631b881f63b8d76c19e60.png,https://api.eau-vive.com/media/cache/drive_card_list/8a/cf/f3cc9e9631b881f63b8d76c19e60.png,NON,3.0,3.0,NON,0,0,NON,2026-08-16,2026-08-16,NON
7378,1,volume,71904,71904,NON,,,NON,Crème de Cassis Bigallet 50CL,Crème de Cassis Bigallet 50CL,NON,Bigallet,Bigallet,NON,13.25€ / pièce,,OUI,https://eau-vive.com/magasin-bio/produit/creme-de-cassis-bigallet-50cl_71904,https://eau-vive.com/magasin-bio/produit/creme-de-cassis-bigallet-50cl_71904,NON,,,NON,,,NON,4.0,4.0,NON,0,0,NON,2026-08-14,2026-08-14,NON
7412,1,ean,21466,21466,NON,,3760138834805,OUI,Papier Cuisson Recharge Ah Table 15M,Papier Cuisson Recharge Ah Table 15M,NON,Ah Table,Ah Table,NON,5.50€ / pièce,5.50€ / pièce,NON,https://eau-vive.com/magasin-bio/produit/papier-cuisson-recharge-ah-table-15m_21466,https://eau-vive.com/magasin-bio/produit/papier-cuisson-recharge-ah-table-15m_21466,NON,,,NON,,,NON,7.0,7.0,NON,0,0,NON,2026-08-14,2026-08-14,NON
7488,1,volume,94020,94020,NON,,,NON,Vrac sirop framboise mûre Bigallet 5l,Vrac sirop framboise mûre Bigallet 5l,NON,Bigallet,Bigallet,NON,1.25Kg | 1.5Kg | 2Kg,,OUI,https://eau-vive.com/magasin-bio/produit/vrac-sirop-framboise-mure_94020,https://eau-vive.com/magasin-bio/produit/vrac-sirop-framboise-mure_94020,NON,Local,Local,NON,,,NON,4.0,4.0,NON,0,0,NON,2026-08-14,2026-08-14,NON
7489,2,"ean, volume",94024,94024,NON,,3336770054330,OUI,Vrac sirop pêche Bigallet 5l,Vrac sirop pêche Bigallet 5l,NON,Bigallet,Bigallet,NON,1Kg | 1.25Kg | 1.5Kg | 2Kg,,OUI,https://eau-vive.com/magasin-bio/produit/vrac-sirop-peche_94024,https://eau-vive.com/magasin-bio/produit/vrac-sirop-peche_94024,NON,Local,Local,NON,,,NON,4.0,4.0,NON,0,0,NON,2026-08-14,2026-08-14,NON
7490,2,"ean, volume",94021,94021,NON,,3336770054316,OUI,Vrac sirop grenadine Bigallet 5l,Vrac sirop grenadine Bigallet 5l,NON,Bigallet,Bigallet,NON,1Kg | 1.25Kg | 1.5Kg | 2Kg,,OUI,https://eau-vive.com/magasin-bio/produit/vrac-sirop-grenadine_94021,https://eau-vive.com/magasin-bio/produit/vrac-sirop-grenadine_94021,NON,Local; Val de Virieu 38730,Local; Val de Virieu 38730,NON,,,NON,4.0,4.0,NON,0,0,NON,2026-08-14,2026-08-14,NON
7525,1,volume,94023,94023,NON,,,NON,Vrac sirop myrtille Bigallet 5l,Vrac sirop myrtille Bigallet 5l,NON,Bigallet,Bigallet,NON,1Kg | 1.25Kg | 1.5Kg | 2Kg,,OUI,https://eau-vive.com/magasin-bio/produit/vrac-sirop-myrtille_94023,https://eau-vive.com/magasin-bio/produit/vrac-sirop-myrtille_94023,NON,Local,Local,NON,,,NON,4.0,4.0,NON,0,0,NON,2026-08-14,2026-08-14,NON
7590,1,ean,98231,98231,NON,,3770008500174,OUI,Beurre de cacahuètes crunchy Go Nuts 270g,Beurre de cacahuètes crunchy Go Nuts 270g,NON,Go Nuts,Go Nuts,NON,270g,270g,NON,https://eau-vive.com/magasin-bio/produit/beurre-de-cacahuetes-crunchy-go-nuts-270g_98231,https://eau-vive.com/magasin-bio/produit/beurre-de-cacahuetes-crunchy-go-nuts-270g_98231,NON,Sans Gluten; Sans Lactose,Sans Gluten; Sans Lactose,NON,,,NON,3.0,3.0,NON,0,0,NON,2026-08-16,2026-08-16,NON
7595,2,"ean, volume",123337,123337,NON,,3701761500446,OUI,Huile lactée démaquillante Endro 100ml,Huile lactée démaquillante Endro 100ml,NON,Endro,Endro,NON,100L,,OUI,https://eau-vive.com/magasin-bio/produit/huile-lactee-demaquillante-endro-100ml_123337,https://eau-vive.com/magasin-bio/produit/huile-lactee-demaquillante-endro-100ml_123337,NON,,,NON,,,NON,8.0,8.0,NON,0,0,NON,2026-08-16,2026-08-16,NON
7596,2,"ean, volume",123347,123347,NON,,3701761500620,OUI,Soin contour des yeux routine hydratante Endro 10ml,Soin contour des yeux routine hydratante Endro 10ml,NON,Endro,Endro,NON,100L,,OUI,https://eau-vive.com/magasin-bio/produit/soin-contour-des-yeux-routine-hydratante-endro-10ml_123347,https://eau-vive.com/magasin-bio/produit/soin-contour-des-yeux-routine-hydratante-endro-10ml_123347,NON,,,NON,https://api.eau-vive.com/media/cache/drive_card_list/69/e5/97894d2e7a06e203db94702bcf51.jpg,https://api.eau-vive.com/media/cache/drive_card_list/69/e5/97894d2e7a06e203db94702bcf51.jpg,NON,8.0,8.0,NON,0,0,NON,2026-08-16,2026-08-16,NON
7609,2,"ean, volume",123348,123348,NON,,3701761500637,OUI,Soin contour des yeux et lèvres routine anti-âge Endro 20ml,Soin contour des yeux et lèvres routine anti-âge Endro 20ml,NON,Endro,Endro,NON,100L,,OUI,https://eau-vive.com/magasin-bio/produit/soin-contour-des-yeux-et-levres-routine-anti-age-endro-20ml_123348,https://eau-vive.com/magasin-bio/produit/soin-contour-des-yeux-et-levres-routine-anti-age-endro-20ml_123348,NON,,,NON,https://api.eau-vive.com/media/cache/drive_card_list/82/7d/786168cee2b40a4abed2eb8df991.jpg,https://api.eau-vive.com/media/cache/drive_card_list/82/7d/786168cee2b40a4abed2eb8df991.jpg,NON,8.0,8.0,NON,0,0,NON,2026-08-16,2026-08-16,NON
7651,1,ean,98229,98229,NON,,3770008500198,OUI,Purée d'amandes complètes Go Nuts 270g,Purée d'amandes complètes Go Nuts 270g,NON,Go Nuts,Go Nuts,NON,270g,270g,NON,https://eau-vive.com/magasin-bio/produit/puree-d-amandes-completes-go-nuts-270g_98229,https://eau-vive.com/magasin-bio/produit/puree-d-amandes-completes-go-nuts-270g_98229,NON,Sans Gluten; Sans Lactose; Sans Sucre,Sans Gluten; Sans Lactose; Sans Sucre,NON,,,NON,3.0,3.0,NON,0,0,NON,,,NON
7825,1,ean,77549,77549,NON,3380390900706,,OUI,Savon de Marseille vert Douce Nature 300g,Savon de Marseille vert Douce Nature 300g,NON,Douce Nature,Douce Nature,NON,300g,300g,NON,https://eau-vive.com/magasin-bio/produit/savon-de-marseille-vert-douce-nature-300g_77549,https://eau-vive.com/magasin-bio/produit/savon-de-marseille-vert-douce-nature-300g_77549,NON,,,NON,https://api.eau-vive.com/media/cache/drive_card_list/7b/e8/b255a1e65abaa7e40666f0cc1c38.jpg,https://api.eau-vive.com/media/cache/drive_card_list/7b/e8/b255a1e65abaa7e40666f0cc1c38.jpg,NON,8.0,8.0,NON,0,0,NON,,,NON
7859,1,ean,113007,113007,NON,,3760349311003,OUI,Déodorant solide abricot fleur de cerisier Comme Avant 60g,Déodorant solide abricot fleur de cerisier Comme Avant 60g,NON,Comme Avant,Comme Avant,NON,60g,60g,NON,https://eau-vive.com/magasin-bio/produit/deodorant-solide-abricot-fleur-de-cerisier-comme-avant-60g_113007,https://eau-vive.com/magasin-bio/produit/deodorant-solide-abricot-fleur-de-cerisier-comme-avant-60g_113007,NON,,,NON,,,NON,8.0,8.0,NON,0,0,NON,,,NON
7860,1,ean,106133,106133,NON,,3760349310235,OUI,Déodorant solide citron et bergamote Comme Avant 60g,Déodorant solide citron et bergamote Comme Avant 60g,NON,Comme Avant,Comme Avant,NON,60g,60g,NON,https://eau-vive.com/magasin-bio/produit/deodorant-solide-citron-et-bergamote-comme-avant-60g_106133,https://eau-vive.com/magasin-bio/produit/deodorant-solide-citron-et-bergamote-comme-avant-60g_106133,NON,,,NON,,,NON,8.0,8.0,NON,0,0,NON,,,NON
7879,1,ean,100739,100739,NON,3760211483838,,OUI,Spray solaire famille SPF50+ Laboratoires de Biarritz 15CL,Spray solaire famille SPF50+ Laboratoires de Biarritz 15CL,NON,Laboratoires de Biarritz,Laboratoires de Biarritz,NON,231.93€ / Unité,231.93€ / Unité,NON,https://eau-vive.com/magasin-bio/produit/spray-solaire-famille-spf50-laboratoires-de-biarritz-15cl_100739,https://eau-vive.com/magasin-bio/produit/spray-solaire-famille-spf50-laboratoires-de-biarritz-15cl_100739,NON,,,NON,https://api.eau-vive.com/media/cache/drive_card_list/f3/6a/ce23119dd06844abb13269f1e978.jpg,https://api.eau-vive.com/media/cache/drive_card_list/f3/6a/ce23119dd06844abb13269f1e978.jpg,NON,8.0,8.0,NON,0,0,NON,,,NON
7893,1,ean,106391,106391,NON,,3760349310129,OUI,Shampoing solide huile de noisette Comme Avant 70g,Shampoing solide huile de noisette Comme Avant 70g,NON,Comme Avant,Comme Avant,NON,70g,70g,NON,https://eau-vive.com/magasin-bio/produit/shampoing-solide-huile-de-noisette-comme-avant-70g_106391,https://eau-vive.com/magasin-bio/produit/shampoing-solide-huile-de-noisette-comme-avant-70g_106391,NON,,,NON,,,NON,8.0,8.0,NON,0,0,NON,,,NON
7894,1,ean,116543,116543,NON,,3760349450603,OUI,Shampoing nourrissant à diluer Pimpant 30g,Shampoing nourrissant à diluer Pimpant 30g,NON,Pimpant,Pimpant,NON,30g,30g,NON,https://eau-vive.com/magasin-bio/produit/shampoing-nourrissant-a-diluer-pimpant-30g_116543,https://eau-vive.com/magasin-bio/produit/shampoing-nourrissant-a-diluer-pimpant-30g_116543,NON,,,NON,,,NON,8.0,8.0,NON,0,0,NON,,,NON
7895,1,ean,123363,123363,NON,,3760349454717,OUI,Kit découverte shampoing nourrissant Pimpant 30g,Kit découverte shampoing nourrissant Pimpant 30g,NON,Pimpant,Pimpant,NON,30g,30g,NON,https://eau-vive.com/magasin-bio/produit/kit-decouverte-shampoing-nourrissant-pimpant-30g_123363,https://eau-vive.com/magasin-bio/produit/kit-decouverte-shampoing-nourrissant-pimpant-30g_123363,NON,,,NON,,,NON,8.0,8.0,NON,0,0,NON,,,NON
7966,2,"ean, volume",123341,123341,NON,,3701761500569,OUI,Crème de nuit anti-âge collagène Endro 50ml,Crème de nuit anti-âge collagène Endro 50ml,NON,Endro,Endro,NON,100L,,OUI,https://eau-vive.com/magasin-bio/produit/creme-de-nuit-anti-age-collagene-endro-50ml_123341,https://eau-vive.com/magasin-bio/produit/creme-de-nuit-anti-age-collagene-endro-50ml_123341,NON,,,NON,,,NON,8.0,8.0,NON,0,0,NON,,,NON
7970,2,"ean, volume",123336,123336,NON,,3701761500408,OUI,Soin ciblés stop boutons routine purifiante Endro 10ml,Soin ciblés stop boutons routine purifiante Endro 10ml,NON,Endro,Endro,NON,100L,,OUI,https://eau-vive.com/magasin-bio/produit/soin-cibles-stop-boutons-routine-purifiante-endro-10ml_123336,https://eau-vive.com/magasin-bio/produit/soin-cibles-stop-boutons-routine-purifiante-endro-10ml_123336,NON,,,NON,https://api.eau-vive.com/media/cache/drive_card_list/cc/77/920d8934bca837745a1c369076fe.jpg,https://api.eau-vive.com/media/cache/drive_card_list/cc/77/920d8934bca837745a1c369076fe.jpg,NON,8.0,8.0,NON,0,0,NON,,,NON
7971,2,"ean, volume",123352,123352,NON,,3760341009359,OUI,Sérum purifiant routine purifiante Endro 30ml,Sérum purifiant routine purifiante Endro 30ml,NON,Endro,Endro,NON,100L,,OUI,https://eau-vive.com/magasin-bio/produit/serum-purifiant-routine-purifiante-endro-30ml_123352,https://eau-vive.com/magasin-bio/produit/serum-purifiant-routine-purifiante-endro-30ml_123352,NON,,,NON,,,NON,8.0,8.0,NON,0,0,NON,,,NON
7972,2,"ean, volume",123356,123356,NON,,3760341009779,OUI,Gommage visage éclat routine éclat Endro 75ml,Gommage visage éclat routine éclat Endro 75ml,NON,Endro,Endro,NON,100L,,OUI,https://eau-vive.com/magasin-bio/produit/gommage-visage-eclat-routine-eclat-endro-75ml_123356,https://eau-vive.com/magasin-bio/produit/gommage-visage-eclat-routine-eclat-endro-75ml_123356,NON,,,NON,,,NON,8.0,8.0,NON,0,0,NON,,,NON
7990,1,ean,22662,22662,NON,,3291960011763,OUI,Baume karité argan Emma Noël 140g,Baume karité argan Emma Noël 140g,NON,Emma Noël,Emma Noël,NON,140g,140g,NON,https://eau-vive.com/magasin-bio/produit/baume-karite-argan-emma-noel-140g_22662,https://eau-vive.com/magasin-bio/produit/baume-karite-argan-emma-noel-140g_22662,NON,,,NON,,,NON,8.0,8.0,NON,0,0,NON,,,NON
8024,1,volume,123338,123338,NON,,,NON,Déodorant baume 48h monoï Endro 50ml,Déodorant baume 48h monoï Endro 50ml,NON,Endro,Endro,NON,100L,,OUI,https://eau-vive.com/magasin-bio/produit/deodorant-baume-48h-monoi-endro-50ml_123338,https://eau-vive.com/magasin-bio/produit/deodorant-baume-48h-monoi-endro-50ml_123338,NON,,,NON,https://api.eau-vive.com/media/cache/drive_card_list/6c/64/a43fbd463dd95034edaafb9aff45.jpg,https://api.eau-vive.com/media/cache/drive_card_list/6c/64/a43fbd463dd95034edaafb9aff45.jpg,NON,8.0,8.0,NON,0,0,NON,,,NON
8025,1,ean,92524,92524,NON,3760211483760,,OUI,Crème solaire SPF50 dorée Laboratoires de Biarritz,Crème solaire SPF50 dorée Laboratoires de Biarritz,NON,Laboratoires de Biarritz,Laboratoires de Biarritz,NON,90mL,90mL,NON,https://eau-vive.com/magasin-bio/produit/creme-solaire-spf50-doree-laboratoires-de-biarritz_92524,https://eau-vive.com/magasin-bio/produit/creme-solaire-spf50-doree-laboratoires-de-biarritz_92524,NON,,,NON,https://api.eau-vive.com/media/cache/drive_card_list/6f/27/4c177d4ca48680105e980c5fc2e8.jpg,https://api.eau-vive.com/media/cache/drive_card_list/6f/27/4c177d4ca48680105e980c5fc2e8.jpg,NON,8.0,8.0,NON,0,0,NON,,,NON
8035,1,ean,5472,5472,NON,,3291960008138,OUI,Moutarde forte de Dijon Emile Noël 700g,Moutarde forte de Dijon Emile Noël 700g,NON,Emile Noël,Emile Noël,NON,700g,700g,NON,https://eau-vive.com/magasin-bio/produit/moutarde-forte-de-dijon-emile-noel-700g_5472,https://eau-vive.com/magasin-bio/produit/moutarde-forte-de-dijon-emile-noel-700g_5472,NON,,,NON,,,NON,2.0,2.0,NON,0,0,NON,,,NON
8073,1,ean,116540,116540,NON,,3760349450122,OUI,Recharge gel lavant pomme Pimpant 25g,Recharge gel lavant pomme Pimpant 25g,NON,Pimpant,Pimpant,NON,25g,25g,NON,https://eau-vive.com/magasin-bio/produit/recharge-gel-lavant-pomme-pimpant-25g_116540,https://eau-vive.com/magasin-bio/produit/recharge-gel-lavant-pomme-pimpant-25g_116540,NON,,,NON,,,NON,8.0,8.0,NON,0,0,NON,,,NON
8074,1,ean,105002,105002,NON,,3760349450016,OUI,Gel douche fleur d'oranger à diluer Pimpant 25g,Gel douche fleur d'oranger à diluer Pimpant 25g,NON,Pimpant,Pimpant,NON,25g,25g,NON,https://eau-vive.com/magasin-bio/produit/gel-douche-fleur-d-oranger-a-diluer-pimpant-25g_105002,https://eau-vive.com/magasin-bio/produit/gel-douche-fleur-d-oranger-a-diluer-pimpant-25g_105002,NON,,,NON,,,NON,8.0,8.0,NON,0,0,NON,,,NON
8075,1,ean,121543,121543,NON,,3760349450023,OUI,Gel douche verveine citronnée en poudre Pimpant 25g,Gel douche verveine citronnée en poudre Pimpant 25g,NON,Pimpant,Pimpant,NON,25g,25g,NON,https://eau-vive.com/magasin-bio/produit/gel-douche-verveine-citronnee-en-poudre-pimpant-25g_121543,https://eau-vive.com/magasin-bio/produit/gel-douche-verveine-citronnee-en-poudre-pimpant-25g_121543,NON,,,NON,,,NON,8.0,8.0,NON,0,0,NON,,,NON
8078,2,"ean, volume",123349,123349,NON,,3760341007126,OUI,Dentifrice enfants fruits rouges Endro 175g,Dentifrice enfants fruits rouges Endro 175g,NON,Endro,Endro,NON,1Kg,,OUI,https://eau-vive.com/magasin-bio/produit/dentifrice-enfants-fruits-rouges-endro-175g_123349,https://eau-vive.com/magasin-bio/produit/dentifrice-enfants-fruits-rouges-endro-175g_123349,NON,,,NON,,,NON,8.0,8.0,NON,0,0,NON,,,NON
8079,2,"ean, volume",123350,123350,NON,,3760341007133,OUI,Dentifrice blancheur menthe glaciale Endro 175g,Dentifrice blancheur menthe glaciale Endro 175g,NON,Endro,Endro,NON,1Kg,,OUI,https://eau-vive.com/magasin-bio/produit/dentifrice-blancheur-menthe-glaciale-endro-175g_123350,https://eau-vive.com/magasin-bio/produit/dentifrice-blancheur-menthe-glaciale-endro-175g_123350,NON,,,NON,,,NON,8.0,8.0,NON,0,0,NON,,,NON
8080,2,"ean, volume",123354,123354,NON,,3760341009755,OUI,Recharge pour dentifrice enfants fruits rouge Endro 350g,Recharge pour dentifrice enfants fruits rouge Endro 350g,NON,Endro,Endro,NON,1Kg,,OUI,https://eau-vive.com/magasin-bio/produit/recharge-pour-dentifrice-enfants-fruits-rouge-endro-350g_123354,https://eau-vive.com/magasin-bio/produit/recharge-pour-dentifrice-enfants-fruits-rouge-endro-350g_123354,NON,,,NON,,,NON,8.0,8.0,NON,0,0,NON,,,NON
8081,2,"ean, volume",123351,123351,NON,,3760341009342,OUI,Gelée nettoyante routine hydratante Endro 150ml,Gelée nettoyante routine hydratante Endro 150ml,NON,Endro,Endro,NON,100L,,OUI,https://eau-vive.com/magasin-bio/produit/gelee-nettoyante-routine-hydratante-endro-150ml_123351,https://eau-vive.com/magasin-bio/produit/gelee-nettoyante-routine-hydratante-endro-150ml_123351,NON,,,NON,,,NON,8.0,8.0,NON,0,0,NON,,,NON
8082,1,ean,123358,123358,NON,,3760349450924,OUI,Eau micellaire Pimpant 9g,Eau micellaire Pimpant 9g,NON,Pimpant,Pimpant,NON,9g,9g,NON,https://eau-vive.com/magasin-bio/produit/eau-micellaire-pimpant-9g_123358,https://eau-vive.com/magasin-bio/produit/eau-micellaire-pimpant-9g_123358,NON,,,NON,,,NON,8.0,8.0,NON,0,0,NON,,,NON
8084,2,"ean, volume",123355,123355,NON,,3760341009762,OUI,Masque visage hydratant routine hydratante Endro 75ml,Masque visage hydratant routine hydratante Endro 75ml,NON,Endro,Endro,NON,100L,,OUI,https://eau-vive.com/magasin-bio/produit/masque-visage-hydratant-routine-hydratante-endro-75ml_123355,https://eau-vive.com/magasin-bio/produit/masque-visage-hydratant-routine-hydratante-endro-75ml_123355,NON,,,NON,,,NON,8.0,8.0,NON,0,0,NON,,,NON
8085,2,"ean, volume",123344,123344,NON,,3701761500590,OUI,Gel crème matifiant visage routine purifiante Endro 50ml,Gel crème matifiant visage routine purifiante Endro 50ml,NON,Endro,Endro,NON,100L,,OUI,https://eau-vive.com/magasin-bio/produit/gel-creme-matifiant-visage-routine-purifiante-endro-50ml_123344,https://eau-vive.com/magasin-bio/produit/gel-creme-matifiant-visage-routine-purifiante-endro-50ml_123344,NON,,,NON,,,NON,8.0,8.0,NON,0,0,NON,,,NON
8295,1,ean,75568,75568,NON,3760211483845,,OUI,Stick solaire teinté SPF50+ Laboratoires de Biarritz 9G,Stick solaire teinté SPF50+ Laboratoires de Biarritz 9G,NON,Laboratoires de Biarritz,Laboratoires de Biarritz,NON,1 583.33€ / Unité,1 583.33€ / Unité,NON,https://eau-vive.com/magasin-bio/produit/stick-solaire-teinte-spf50-laboratoires-de-biarritz-9g_75568,https://eau-vive.com/magasin-bio/produit/stick-solaire-teinte-spf50-laboratoires-de-biarritz-9g_75568,NON,,,NON,,,NON,8.0,8.0,NON,0,0,NON,,,NON
8327,1,ean,77522,77522,NON,3760211482107,,OUI,Crème réparatrice mains Laboratoires de Biarritz 50ml,Crème réparatrice mains Laboratoires de Biarritz 50ml,NON,Laboratoires de Biarritz,Laboratoires de Biarritz,NON,50mL,50mL,NON,https://eau-vive.com/magasin-bio/produit/creme-reparatrice-mains-laboratoires-de-biarritz-50ml_77522,https://eau-vive.com/magasin-bio/produit/creme-reparatrice-mains-laboratoires-de-biarritz-50ml_77522,NON,,,NON,,,NON,8.0,8.0,NON,0,0,NON,,,NON
8396,2,"ean, volume",123342,123342,NON,,3701761500576,OUI,Crème nourrissante visage routine nutri-réparatrice Endro 50ml,Crème nourrissante visage routine nutri-réparatrice Endro 50ml,NON,Endro,Endro,NON,100L,,OUI,https://eau-vive.com/magasin-bio/produit/creme-nourrissante-visage-routine-nutri-reparatrice-endro-50ml_123342,https://eau-vive.com/magasin-bio/produit/creme-nourrissante-visage-routine-nutri-reparatrice-endro-50ml_123342,NON,,,NON,,,NON,8.0,8.0,NON,0,0,NON,,,NON
8479,2,"ean, volume",94017,94017,NON,,3336770054323,OUI,Vrac sirop citron Bigallet 5l,Vrac sirop citron Bigallet 5l,NON,Bigallet,Bigallet,NON,1Kg | 1.25Kg | 1.5Kg | 2Kg,,OUI,https://eau-vive.com/magasin-bio/produit/vrac-sirop-citron_94017,https://eau-vive.com/magasin-bio/produit/vrac-sirop-citron_94017,NON,Local,Local,NON,,,NON,4.0,4.0,NON,0,0,NON,,,NON
8480,2,"ean, volume",94019,94019,NON,,3336770054354,OUI,Vrac sirop fraise Bigallet 5l,Vrac sirop fraise Bigallet 5l,NON,Bigallet,Bigallet,NON,1Kg | 1.25Kg | 1.5Kg | 2Kg,,OUI,https://eau-vive.com/magasin-bio/produit/vrac-sirop-fraise_94019,https://eau-vive.com/magasin-bio/produit/vrac-sirop-fraise_94019,NON,Local; val de virieu 38730,Local; val de virieu 38730,NON,,,NON,4.0,4.0,NON,0,0,NON,,,NON
8481,1,volume,94018,94018,NON,,,NON,Vrac sirop fleur de sureau Bigallet 5l,Vrac sirop fleur de sureau Bigallet 5l,NON,Bigallet,Bigallet,NON,1Kg | 1.25Kg | 1.5Kg | 2Kg,,OUI,https://eau-vive.com/magasin-bio/produit/vrac-sirop-fleur-de-sureau_94018,https://eau-vive.com/magasin-bio/produit/vrac-sirop-fleur-de-sureau_94018,NON,Local,Local,NON,,,NON,4.0,4.0,NON,0,0,NON,,,NON
8607,2,"ean, volume",123353,123353,NON,,3760341009748,OUI,Recharge pour dentifrice blancheur menthe glaciale Endro 350g,Recharge pour dentifrice blancheur menthe glaciale Endro 350g,NON,Endro,Endro,NON,1Kg,,OUI,https://eau-vive.com/magasin-bio/produit/recharge-pour-dentifrice-blancheur-menthe-glaciale-endro-350g_123353,https://eau-vive.com/magasin-bio/produit/recharge-pour-dentifrice-blancheur-menthe-glaciale-endro-350g_123353,NON,,,NON,,,NON,8.0,8.0,NON,0,0,NON,,,NON
8797,1,ean,72337,72337,NON,3252920034321,,OUI,Lait bio entier UHT brique Grandeur Nature 1L,Lait bio entier UHT brique Grandeur Nature 1L,NON,Grandeur Nature,Grandeur Nature,NON,1L,1L,NON,https://eau-vive.com/magasin-bio/produit/lait-bio-entier-uht-brique-grandeur-nature-1l_72337,https://eau-vive.com/magasin-bio/produit/lait-bio-entier-uht-brique-grandeur-nature-1l_72337,NON,,,NON,,,NON,5.0,5.0,NON,0,0,NON,,,NON
8798,1,ean,72331,72331,NON,3252920034192,,OUI,Lait bio uht 1/2 écrémé 50 cl - Grandeur Nature,Lait bio uht 1/2 écrémé 50 cl - Grandeur Nature,NON,Grandeur Nature,Grandeur Nature,NON,50cL,50cL,NON,https://eau-vive.com/magasin-bio/produit/lait-bio-uht-1-2-ecreme-50-cl-grandeur-nature_72331,https://eau-vive.com/magasin-bio/produit/lait-bio-uht-1-2-ecreme-50-cl-grandeur-nature_72331,NON,,,NON,,,NON,5.0,5.0,NON,0,0,NON,,,NON
8799,1,ean,72333,72333,NON,3252920034161,,OUI,Lait bio uht 1/2 écrémé 1L - Grandeur Nature,Lait bio uht 1/2 écrémé 1L - Grandeur Nature,NON,Grandeur Nature,Grandeur Nature,NON,1L,1L,NON,https://eau-vive.com/magasin-bio/produit/lait-bio-uht-1-2-ecreme-1l-grandeur-nature_72333,https://eau-vive.com/magasin-bio/produit/lait-bio-uht-1-2-ecreme-1l-grandeur-nature_72333,NON,,,NON,,,NON,5.0,5.0,NON,0,0,NON,,,NON
