id;code_interne;description_originale;lien_href;description_h2;ean;brand_score;desc_score;date_recherche
1341;239;Pain complet graines de lin Evernat 500g;https://www.etiketbio.eu/pains/6688-evernat-pain-complet-graines-de-lin-500g-3229820102269.html;Pain complet graines de lin 500g;3229820102269;;762;46247,44267
2496;845;Couscous complet Markal 1KG;https://www.etiketbio.eu/couscous-bio/15480-markal-couscous-complet-1kg-3329486411122.html;Couscous complet bio 1kg – Markal;3329486411122;;745;46247,57285
2493;950;Graines de tournesol décortiquées Markal 500g;https://www.etiketbio.eu/graines-de-tournesol/15499-markal-graines-de-tournesol-3329488411205.html;Graines de tournesol bio Markal 500g;3329488411205;;679;46247,57229
2167;1454;Ratatouille à la catalane Prosain 345g;https://www.etiketbio.eu/ratatouille-bio-en-bocal/7752-prosain-ratatouille-a-la-catalane-345g-3335880004822.html;Ratatouille a la catalane 345g;3335880004822;;735;46247,52671
119;1575;Flocons de quinoa Priméal 500g;https://www.etiketbio.eu/flocons-de-riz-et-de-quinoa-bio/8219-primeal-flocons-de-quinoa-500g-3380390069403.html;Flocons de quinoa 500g;3380390069403;;677;46246,54817
1827;1596;Tonique gingembre citron vert Vitamont 50cl;https://www.etiketbio.eu/jus-de-fruits/7327-vitamont-boisson-tonique-gingembre-citron-vert-50cl-3289196700025.html;Boisson tonique gingembre citron vert 50cl;3289196700025;;667;46247,50633
260;2031;Tisane stress bio Romon Nature 20 sachets;https://www.etiketbio.eu/tisane-sommeil-detente-bio/8364-romon-nature-plantasia-stress-26g-20-sachets-3388742801602.html;Stress bio Romon Nature – 20 sachets;3388742801602;;777;46247,53102
2512;3756;Riz basmati blanc bio Markal 1kg;https://www.etiketbio.eu/riz-basmati-bio/7613-markal-riz-basmati-blanc-inde-1kg-3329485431121.html;Riz basmati blanc Inde 1kg - Markal;3329485431121;;718;46247,57403
1207;4056;Concentré de tomate 22% Danival 200G;https://www.etiketbio.eu/sauce-tomate-nature/23831-danival-concentre-de-tomate-22-200g-3431590000120.html;Concentre de tomate 22% 200g;3431590000120;;726;46247,42087
1238;4647;Ratatouille du moulin Danival 670g;https://www.etiketbio.eu/ratatouille-bio-en-bocal/9191-danival-ratatouille-du-moulin-670g-3431590000113.html;Ratatouille du moulin 670g;3431590000113;;693;46247,42608
1939;4817;Boisson bio soja nature Soy 1L;https://www.etiketbio.eu/boisson-au-soja/6794-soy-biosoy-nature-1l-cc-3259010500018.html;Boisson soja nature 1L Soy;3259010500018;;774;46247,51959
1187;7089;Purée pomme abricot Dani'Pom Danival 700g;https://www.etiketbio.eu/purees-de-fruits/9227-danival-danipom-pomme-abricot-700g-3431590002599.html;Dani’Pom Pomme Abricot 700g Danival;3431590002599;;766;46247,41883
2469;8150;Protéines de soja gros morceaux Markal 175g;https://www.etiketbio.eu/soja-bio-/15495-markal-proteine-de-soja-gros-morceaux-175g-3329487101756.html;Protéine soja gros morceaux 175g - Markal;3329487101756;;679;46247,57031
2125;8605;Confiture extra de fraises Prosain 350g;https://www.etiketbio.eu/confiture-de-fruits-rouges/7697-prosain-confiture-fraise-350g-3335880001388.html;Confiture de fraise extra bio Prosain 350g;3335880001388;;670;46247,52376
1732;8616;Pur jus de tomate Vitamont 75cl;https://www.etiketbio.eu/jus-de-tomate/7287-vitamont-pur-jus-de-tomate-de-marmande-75cl-3289196500038.html;Pur jus tomate Marmande Vitamont 75cl;3289196500038;;686;46247,50079
1233;9084;Taboulé du moulin Danival 620g;https://www.etiketbio.eu/plats-prepares/25904-danival-taboule-du-moulin-620g-3431590002742.html;Taboule du moulin 620g;3431590002742;;677;46247,42539
2336;10037;Semoule blanche BIO Grosse Markal 500G;https://www.etiketbio.eu/semoule-de-ble-dur-bio/15473-markal-semoule-blanche-de-ble-dur-grosse-500g-3329486321209.html;Semoule blanche grosse 500g - Markal;3329486321209;;787;46247,55686
9;10311;Bretzels au quinoa Priméal 200g;https://www.etiketbio.eu/biscuits-aperitif/8184-primeal-bretzels-au-quinoa-200g-3380390000437.html;BRETZELS AU QUINOA 200G;3380390000437;;681;46246,53714
83;10698;Tortils citron safran Priméal 250g;https://www.etiketbio.eu/specialites/8255-primeal-tortils-citron-safran-250g-3380390173506.html;Tortils citron safran bio 250g Priméal;3380390173506;;787;46246,54299
1920;11076;Sauce tomate aux olives Prosain 200g;https://www.etiketbio.eu/sauce-tomate-preparee/7774-prosain-sauce-tomate-aux-olives-200g-3335880005867.html;Sauce tomate olives Prosain 200g;3335880005867;;784;46247,51692
38;11413;Quinoa real Priméal 1kg;https://www.etiketbio.eu/quinoa-bio/8312-primeal-quinoa-real-blanc-1kg-3380390410304.html;Quinoa real blanc Priméal 1kg;3380390410304;;708;46246,53861
1240;11458;Miso cube original Danival 8X10g;https://www.etiketbio.eu/miso-bio/9334-danival-miso-cube-original-8x10g-3431590013854.html;Miso cube original 8x10g;3431590013854;;686;46247,42708
845;11673;Soupe de poisson Bonneterre 800g;https://www.etiketbio.eu/soupes-de-poisson/8450-bonneterre-soupe-riche-en-poissons-800g-3396410015879.html;Soupe de poissons Bonneterre 800g;3396410015879;;788;46247,3758
1518;12835;Arrow root Celnat 250g;https://www.etiketbio.eu/farines-precuites/20623-arrow-root-3273120021775.html;Arrow Root Bio 250g Celnat;3273120021775;;733;46247,46112
2458;12945;Sélection du boulanger au millet Markal 250g;https://www.etiketbio.eu/millet-bio/16349-markal-saveur-du-boulanger-millet-250g-3329488911200.html;Sélection boulanger millet 250g - Markal;3329488911200;;662;46247,56806
1516;12989;Graines à germer mix protéinés Germline 200g;https://www.etiketbio.eu/graines-a-germer/22102-germline-mix-proteines-a-germer-200g-3465511144204.html;Mix Protéines à germer Germline 200g;3465511144204;;771;46247,46083
555;13350;Pois chiches Luce 400g;https://www.etiketbio.eu/pois-chiches-bio-en-conserve/20557-luce-pois-chiches-400g-3329489900517.html;Pois chiches bio Luce 400g;3329489900517;;733;46247,3281
1210;13454;Taboulé de quinoa Danival 180g;https://www.etiketbio.eu/plats-prepares/9235-danival-taboule-de-quinoa-180g-3431590004050.html;Taboule de quinoa 180g;3431590004050;;677;46247,42178
509;13501;Passata rustica Luce 680g;https://www.etiketbio.eu/sauce-tomate-nature/22757-luce-passata-rustica-680g-3329489901552.html;Passata Rustica bio Luce 680g;3329489901552;;741;46247,32591
1944;13622;Couscous aux 7 légumes Prosain 680g;https://www.etiketbio.eu/plats-prepares/7788-prosain-couscous-aux-7-legumes-680g-3335880006208.html;Couscous aux 7 legumes 680g;3335880006208;;726;46247,52049
129;13630;Graines de pavot Priméal 250g;https://www.etiketbio.eu/graines-de-pavot-bio/8296-primeal-graines-de-pavot-250g-3380390214506.html;Graines de pavot 250g;3380390214506;;672;46246,55069
617;13788;Argile verte surfine naturelle Argiletz 300g;https://www.etiketbio.eu/argile-verte/25864-argiletz-argile-verte-surfine-300g-3326100000069.html;Argile Verte Surfine 300g Argiletz;3326100000069;;726;46247,34722
2452;14081;Son d'avoine Markal 3kg;https://www.etiketbio.eu/grands-formats/25304-markal-son-avoine-3-kg-3329482681031.html;Son d’avoine bio 3kg - Markal;3329482681031;;733;46247,5664
58;14177;Trio de lentilles Priméal 500g;https://www.etiketbio.eu/lentilles-bio/7924-primeal-trio-de-lentilles-500g-3380380037283.html;Trio de lentilles bio 500g - Priméal;3380380037283;;781;46246,54041
1133;14616;Aneth graines Cook 35g;https://www.etiketbio.eu/epices-en-graines-bio/30763-aneth-graines-35g-cook-arcadie-3417960022473.html;Aneth graines bio Cook 35g;3417960022473;;733;46247,41324
1053;14618;Baies roses Cook 20g;https://www.etiketbio.eu/poivres-baies-bio/8888-cook-baies-roses-entieres-20-g-3417960022497.html;Baies roses bio Cook 20g;3417960022497;;727;46247,40402
1114;14619;Basilic en feuilles Cook 15g;https://www.etiketbio.eu/herbes-aromates-bio/8889-cook-basilic-feuille-15g-3417960022503.html;Basilic feuilles bio Cook 15g;3417960022503;;702;46247,41066
1046;14620;Bouquet garni Cook 30g;https://www.etiketbio.eu/herbes-aromates-bio/8890-cook-bouquet-garni-30-g-3417960022510.html;Bouquet garni bio Cook 30g;3417960022510;;733;46247,40323
1102;14622;Bâtons de cannelle Cook 12g;https://www.etiketbio.eu/epices-patisserie-bio/8892-canelle-tuyaux-12-g-3417960022534.html;Bâtons de cannelle bio Cook 12g;3417960022534;;776;46247,41003
1065;14625;Cardamome fruits Cook 25g;https://www.etiketbio.eu/epices-en-graines-bio/8893-cook-cardamone-fruits-25-g-3417960022541.html;Cardamome fruits bio Cook 25g;3417960022541;;741;46247,40509
1101;14626;Carvi graines Cook 45g;https://www.etiketbio.eu/epices-en-graines-bio/8895-cook-carvi-graines-45g-3417960022565.html;Carvi graines bio Cook 45g;3417960022565;;733;46247,40993
1100;14632;Cumin graines Cook 40g;https://www.etiketbio.eu/epices-en-graines-bio/8901-cook-cumin-graine-40g-3417960022626.html;Cumin graines bio Cook 40g;3417960022626;;733;46247,40984
1120;14633;Cumin moulu Cook 40g;https://www.etiketbio.eu/epices-en-poudre-bio/8902-cook-cumin-poudre-40g-3417960022633.html;Cumin moulu bio Cook 40g;3417960022633;;727;46247,41154
1054;14637;Fenouil graines Cook 30g;https://www.etiketbio.eu/epices-en-graines-bio/8906-cook-fenouil-graines-30g-3417960022671.html;Fenouil graines bio Cook 30g;3417960022671;;738;46247,40411
1070;14638;Fenouil moulu Cook 30g;https://www.etiketbio.eu/epices-en-poudre-bio/8907-cook-fenouil-poudre-30g-3417960022688.html;Fenouil moulu bio Cook 30g;3417960022688;;733;46247,40534
1039;14639;Fenugrec moulu Cook 55g;https://www.etiketbio.eu/epices-en-poudre-bio/8908-cook-fenugrec-poudre-55g-3417960022695.html;Fenugrec moulu bio Cook 55g;3417960022695;;736;46247,40264
1109;14640;Garam masala Cook 35g;https://www.etiketbio.eu/melanges-epices-bio/8909-cook-garam-masala-35g-3417960022701.html;Garam masala bio Cook 35g;3417960022701;;730;46247,41024
1055;14642;Gingembre moulu Cook 30g;https://www.etiketbio.eu/epices-en-poudre-bio/8911-cook-gingembre-poudre-30g-3417960022725.html;Gingembre moulu bio Cook 30g;3417960022725;;738;46247,40421
1047;14643;Clous de girofle Cook 30g;https://www.etiketbio.eu/epices-en-graines-bio/8898-cook-clou-de-girofle-entier-biopartenaire-30g-3417960022596.html;Clous de girofle bio Cook 30g;3417960022596;;772;46247,40343
2181;14664;Sauce tomate au basilic Prosain 370g;https://www.etiketbio.eu/sauce-tomate-preparee/7765-prosain-sauce-tomate-au-basilic-370g-3335880005706.html;Sauce tomate basilic Prosain 370g;3335880005706;;797;46247,52829
1918;14666;Sauce tomate parmesan et ricotta Prosain 200G;https://www.etiketbio.eu/sauce-tomate-preparee/7771-sauce-tocate-parmesan-ricotta-200g-prosain-3335880005836.html;Sauce tomate parmesan ricotta bio Prosain 200;3335880005836;;667;46247,51634
1127;14920;Marjolaine en feuilles Cook 10g;https://www.etiketbio.eu/herbes-aromates-bio/8913-cook-marjolaine-feuilles-10g-3417960022756.html;Marjolaine feuilles bio Cook 10g;3417960022756;;711;46247,41247
1126;14924;Mélange pour Pizza Cook 13g;https://www.etiketbio.eu/melanges-epices-bio/8917-cook-melange-pizza-13g-3417960022794.html;Mélange pizza bio Cook 13g;3417960022794;;664;46247,41205
1059;14928;Noix de muscade Cook 30g;https://www.etiketbio.eu/epices-en-graines-bio/8921-cook-muscade-noix-30-g-3417960022831.html;Noix de muscade bio Cook 30g;3417960022831;;769;46247,40459
1056;14932;Origan feuille bio Cook 13g;https://www.etiketbio.eu/herbes-aromates-bio/8925-cook-origan-13g-3417960022879.html;Origan feuilles bio Cook 13g;3417960022879;;785;46247,40431
1080;14936;Persil feuilles Cook 10g;https://www.etiketbio.eu/herbes-aromates-bio/8929-cook-persil-feuille-10-g-3417960022916.html;Persil feuilles bio Cook 10g;3417960022916;;738;46247,40628
1074;14939;Piment de Cayenne Cook 40g;https://www.etiketbio.eu/epices-en-poudre-bio/8932-cook-piment-de-cayenne-40g-3417960022947.html;Piment de Cayenne bio Cook 40g;3417960022947;;774;46247,40557
1052;14941;Poivre blanc moulu Cook 45g;https://www.etiketbio.eu/poivres-baies-bio/8934-cook-poivre-blanc-poudre-45g-3417960022961.html;Poivre blanc moulu bio Cook 45g;3417960022961;;776;46247,40382
1077;14948;Ras El Hanout Cook 35g;https://www.etiketbio.eu/melanges-epices-bio/8940-cook-ras-el-hanout-35g-3417960023036.html;Ras el hanout bio Cook 35g;3417960023036;;764;46247,40596
1063;14949;Romarin en feuilles Cook 25g;https://www.etiketbio.eu/herbes-aromates-bio/8941-cook-romarin-feuilles-25g-3417960023043.html;Romarin feuilles bio Cook 25g;3417960023043;;702;46247,4049
1123;14952;Sarriette en feuilles Cook 20g;https://www.etiketbio.eu/herbes-aromates-bio/8944-cook-sarriettte-feuilles-20g-3417960023074.html;Sarriette feuilles bio Cook 20g;3417960023074;;708;46247,41174
380;15615;Liquide vaisselle dégraissant Menthe Ecodoo 1L;https://www.etiketbio.eu/liquide-vaisselle/7950-ecodoo-liquide-vaisselle-degraissant-eco-recharge-1l-3380380050770.html;Liquide vaisselle dégraissant 1L Ecodoo;3380380050770;;765;46246,65247
1532;16329;Farine de lentilles vertes Celnat 500g;https://www.etiketbio.eu/farines-autres/18340-celnat-farine-lentilles-vertes-500-g-3273120018324.html;Farine Lentilles Vertes Bio 500g Celnat;3273120018324;;758;46247,46442
549;16347;Vinaigre balsamique de Modène IGP Luce 50cl;https://www.etiketbio.eu/vinaigre-balsamique-bio/20098-luce-vinaigre-balsamique-modene-50cl-3329489900326.html;Vinaigre balsamique Modène 50cl bio – Luce;3329489900326;;654;46247,32733
844;16402;Tartelettes au chocolat noir Bonneterre 125g;https://www.etiketbio.eu/biscuits-au-chocolat/14001-tartelettes-au-chocolat-noir-125g-3396413710092.html;Tartelettes chocolat noir bio 125g Bonneterre;3396413710092;;787;46247,37483
7;16706;Farine de sarrasin Priméal 1kg;https://www.etiketbio.eu/farine-de-sarrasin-bio/12168-farine-de-sarrasin-france-1kg-3380390121309.html;Farine de sarrasin bio Priméal 1kg;3380390121309;;781;46246,53696
1816;16769;Jus d'orange carotte citron Vitamont 75cl;https://www.etiketbio.eu/jus-d-orange-et-agrumes/7288-vitamont-jus-orange-carotte-citron-75cl-3289196500045.html;Jus orange carotte citron Vitamont 75cl;3289196500045;;738;46247,50485
1923;17327;Ratatouille à la catalane Prosain 1kg;https://www.etiketbio.eu/ratatouille-bio-en-bocal/16606-prosain-ratatouille-a-la-catalane-1kg-3335880006048.html;Ratatouille a la catalane 1kg;3335880006048;;732;46247,5181
573;17430;Passata basilic Luce 680g;https://www.etiketbio.eu/sauce-tomate-nature/22756-luce-passata-basilic-680g-3329489901545.html;Passata basilic bio Luce 680g;3329489901545;;741;46247,33023
791;17603;Chocolat noir fourré praliné Bonneterre 100g;https://www.etiketbio.eu/chocolat-noir-bio/8745-bonneterre-chocolat-noir-fourre-praline-100g-3396413714410.html;Chocolat noir fourre praline 100g;3396413714410;;714;46247,36987
994;17912;Speculoos Bisson 175g;https://www.etiketbio.eu/biscuit-nature/10403-bisson-speculoos-175g-3760005450336.html;Spéculoos bio Bisson 175g;3760005450336;;685;46247,39237
1078;18002;Estragon en feuilles  Cook 15g;https://www.etiketbio.eu/herbes-aromates-bio/8905-cook-estragon-feuilles-15g-3417960022664.html;Estragon feuilles bio Cook 15g;3417960022664;;705;46247,40605
1119;18015;Mélange Chili Cook 35g;https://www.etiketbio.eu/melanges-epices-bio/8961-cook-melange-pour-chili-35g-3417960031925.html;Mélange chili bio Cook 35g;3417960031925;;733;46247,41145
620;18065;Argile verte concassée Argiletz 1kg;https://www.etiketbio.eu/argile-verte/7528-argiletz-argile-verte-concassee-1kg-3326100000014.html;Argile verte concassee 1kg;3326100000014;;682;46247,3477
1851;18230;Mini pur jus d'ananas Vitamont 25cl;https://www.etiketbio.eu/jus-de-fruits/7279-vitamont-mini-pur-jus-dananas-25cl-3289196470034.html;Mini pur jus d'ananas 25cl;3289196470034;;706;46247,50801
2245;18265;Rooibos Citron Gingembre Thés de la Pagode 100G;https://www.etiketbio.eu/rooibos-bio/27767-rooibos-citron-gingembre-100g-3363790701005.html;Rooibos Citron Gingembre Les Thés de la Pagode;3363790701005;;790;46247,53897
574;18321;Sauce tomate au basilic Luce 340g;https://www.etiketbio.eu/sauce-tomate-preparee/22763-luce-sauce-tomate-basilic-340g-3329489901668.html;Sauce tomate basilic Luce 340g;3329489901668;;794;46247,33043
1544;18407;Fleur de shampooing Anti-Pelliculaire Douce Nature;https://www.etiketbio.eu/shampoing-solide-bio/8018-douce-nature-fleur-de-shampooing-anti-pelliculaire-85g-3380380059773.html;Fleur shampooing anti-pelliculaire 85g – Douce Nature;3380380059773;;798;46247,49336
23;18777;Couscous multicéréales Priméal 300g;https://www.etiketbio.eu/couscous-bio/7956-primeal-couscous-multicereales-300g-3380380052163.html;Couscous multicereales 300g;3380380052163;;653;46246,53817
14;18778;Couscous aux fleurs Priméal 300g;https://www.etiketbio.eu/couscous-bio/8031-primeal-couscous-aux-fleurs-300g-3380380060816.html;Couscous aux fleurs 300g;3380380060816;;686;46246,53771
606;19099;Infusion Classic chai Yogi Tea 90g;https://www.etiketbio.eu/ayurvedique-bio/14257-yogi-tea-yogi-tea-classic-vrac-90g-4012824529267.html;Yogi Tea Classic Chai vrac 90g;4012824529267;;651;46247,34047
1514;19295;Graines à germer haricot mungo Germline 200g;https://www.etiketbio.eu/graines-a-germer/17546-germline-soja-vert-mungo-a-germer-200g-3465511130207.html;Haricot mungo à germer bio 200g - Germline;3465511130207;;735;46247,46025
619;19408;Argile verte concassée Argiletz 1kg;https://www.etiketbio.eu/argile-verte/7528-argiletz-argile-verte-concassee-1kg-3326100000014.html;Argile verte concassee 1kg;3326100000014;;682;46247,34762
1134;19531;Mélange guacamole Cook 45g;https://www.etiketbio.eu/melanges-epices-bio/8972-cook-melange-guacamole-45g-3417960033523.html;Mélange guacamole bio Cook 45g;3417960033523;;743;46247,41344
1124;19532;Mélange italien Cook 28g;https://www.etiketbio.eu/melanges-epices-bio/8974-cook-melange-italien-28g-3417960033547.html;Mélange italien bio Cook 28g;3417960033547;;738;46247,41184
1064;19533;Ail des Ours Cook 16g;https://www.etiketbio.eu/herbes-aromates-bio/8975-cook-ail-des-ours-16g-3417960033554.html;Ail des ours 16g;3417960033554;;692;46247,40499
1041;19536;Nigelle en graines  Cook 50g;https://www.etiketbio.eu/epices-en-graines-bio/8968-cook-nigelle-graine-50g-3417960032090.html;Nigelle graines bio Cook 50g;3417960032090;;698;46247,40284
602;19740;Muesli aux fruits Grillon d'Or 1kg;https://www.etiketbio.eu/muesli-aux-fruits/9015-grillon-dor-muesli-fruits-1kg-3421557108099.html;Muesli fruits bio 1kg Grillon d’Or;3421557108099;;758;46247,33979
561;19751;Tomates pelées Luce 800g;https://www.etiketbio.eu/tomates-bio-en-conserve/22759-luce-tomates-pelees-metal-800gr-3329489901590.html;Tomates pelées bio Luce 800g;3329489901590;;738;46247,32944
1140;20072;Coenzyme Q10 Diet Horizon 60 capsules;https://www.etiketbio.eu/coenzyme-q10/11249-diet-horizon-coenzyme-q10-60caps-5060072731368.html;Coenzyme Q10 Diet Horizon 60 caps;5060072731368;;786;46247,41567
1184;20115;Baume fondant pour le corps Dermaclay 300ml;https://www.etiketbio.eu/lait-pour-le-corps/24524-dermaclay-baume-fondant-pour-le-corps-300ml-3567730800319.html;Baume fondant pour le corps 300ml;3567730800319;;744;46247,41804
560;20240;Pesto siciliano Luce 190g;https://www.etiketbio.eu/pesto-bio/20097-luce-pesto-siciliano-190g-3329489900319.html;Pesto siciliano 190g;3329489900319;;667;46247,32926
1470;20377;Crème balsamique Emile Noël 150ml;https://www.etiketbio.eu/vinaigre-balsamique-bio/7352-emile-noel-creme-balsamique-150ml-3291960003959.html;Crème balsamique bio 150ml – Émile Noël;3291960003959;;786;46247,45164
217;20394;Sucre de canne complet Rapadura Rapunzel 1kg;https://www.etiketbio.eu/sucre-de-canne-bio/22376-rapunzel-rapadura-sucre-de-canne-complet-1kg-4006040301097.html;Rapadura sucre de canne complet 1kg;4006040301097;;759;46246,63578
221;20403;Arachides coques grillées Rapunzel 500g;https://www.etiketbio.eu/fruits-secs-snacking-bio/22540-rapunzel-arachides-coques-grillees-500g-4006040031260.html;Arachides coques grillees 500g;4006040031260;;696;46246,63615
158;20516;Protéines de soja texturées Priméal 200g;https://www.etiketbio.eu/soja-bio-/8299-primeal-proteines-de-soja-texturees-fin-200g-3380390221511.html;Proteines de soja texturees fin 200g;3380390221511;;746;46246,55242
1208;20650;Raviolis ricotta épinards Danival 670g;https://www.etiketbio.eu/plats-prepares/12431-danival-raviolis-ricotta-epinards-670g-3431590001912.html;Raviolis ricotta/epinards 670g;3431590001912;;706;46247,42128
78;21012;Tagliatelles curcuma pavot Priméal 250g;https://www.etiketbio.eu/specialites/19495-primeal-tagliatelles-curcuma-pavot-250g-3380390169516.html;Tagliatelles curcuma pavot 250g;3380390169516;;709;46246,54215
159;21013;Purée de tomates Priméal 3X200g;https://www.etiketbio.eu/sauce-tomate-nature/7998-primeal-puree-de-tomates-3x200g-3380380057250.html;Purée de tomates bio Priméal 3x200g;3380380057250;;783;46246,55249
368;21151;Crusty fromage graines de courge Pural 200g;https://www.etiketbio.eu/biscuits-aperitif/11095-puraliment-crusty-fromage-graines-de-courge-200g-4033634061020.html;CRUSTY FROMAGE GRAINES DE COURGE 200G;4033634061020;;793;46246,6469
104;21515;Haricots coco cuisinés Priméal 680g;https://www.etiketbio.eu/plats-prepares/13383-primeal-haricots-coco-cuisines-680g-3700477609139.html;Haricots coco cuisines 680g;3700477609139;;697;46246,54594
1316;22020;Barre pomme cannelle Evernat 3x25g;https://www.etiketbio.eu/barre-de-fruits-secs/8610-evernat-barre-pomme-cannelle-3x25g-3396411217128.html;Barre pomme cannelle 3x25g;3396411217128;;693;46247,43836
623;22203;Thé vert Matcha en poudre Aromandise 50g;https://www.etiketbio.eu/matcha-bio/28895-poudre-the-vert-bio-matcha-3560467100042.html;Thé Vert Matcha Bio en poudre 50g;3560467100042;;728;46247,3485
491;22259;Thé noir darjeeling été Destination 100g;https://www.etiketbio.eu/the-noir-bio/21257-destination-the-noir-legende-darjeeling-100g-3700110008305.html;Thé noir Darjeeling Destination 100g;3700110008305;;789;46247,32235
1982;22333;Lentilles vertes Prosain 660g;https://www.etiketbio.eu/lentilles-bio-en-conserve/7781-prosain-lentilles-vertes-cuisinees-aux-legumes-660g-3335880006031.html;Lentilles vertes bio Prosain 660g;3335880006031;;748;46247,52216
228;22880;Beurre de cacahuète Rapunzel 500g;https://www.etiketbio.eu/puree-de-cacahuete/10822-rapunzel-beurre-de-cacahuete-500g-4006040000563.html;Beurre de cacahuète 500g bio - Rapunzel;4006040000563;;786;46246,63719
2400;22915;Sésame noir Markal 250g;https://www.etiketbio.eu/graines-de-sesame-bio/17537-markal-sesame-noir-250g-3329488572500.html;Sésame noir bio 250g - Markal;3329488572500;;736;46247,56205
8;23853;Mini galettes maïs romarin Priméal 50g;https://www.etiketbio.eu/biscuits-aperitif/8060-primeal-mini-galettes-mais-romarin-50g-3380380068560.html;Mini galettes mais romarin 50g;3380380068560;;735;46246,53709
1921;24304;Sauce Pomodoro Prosain 295g;https://www.etiketbio.eu/sauce-tomate-nature/7801-prosain-sauce-pomodoro-tomate-coeur-de-boeuf-et-petits-legumes-295g-3335880007205.html;Sauce Pomodoro bio Prosain 295g;3335880007205;;745;46247,51771
2185;24306;Sauce puttanesca Prosain 295g;https://www.etiketbio.eu/sauce-tomate-preparee/7803-prosain-sauce-puttanesca-295g-3335880007229.html;Sauce Puttanesca bio Prosain 295g;3335880007229;;748;46247,52947
1922;24307;Sauce arrabbiata Prosain 295g;https://www.etiketbio.eu/sauce-tomate-preparee/7802-prosain-sauce-arrabbiata-295g-3335880007212.html;Sauce Arrabbiata bio Prosain 295g;3335880007212;;748;46247,51791
117;24536;Levure de bière à paillettes Priméal 175g;https://www.etiketbio.eu/levures-alimentaires/8065-levure-de-biere-paillette-175g-primeal-3380380070266.html;Levure de bière paillettes bio 175g Priméal;3380380070266;;796;46246,54748
2289;24555;Farine de blé blanche T55 Markal 1kg;https://www.etiketbio.eu/farines-de-ble/15463-markal-farine-de-ble-t55-1kg-3329486191123.html;Farine de blé T55 1kg - Markal;3329486191123;;750;46247,55367
1031;24733;Gel lavant mains pomme Coslys 1L;https://www.etiketbio.eu/savons/24773-coslys-gel-lavant-mains-pomme-bio-1l-3538396518207.html;Gel lavant mains pomme bio 1l;3538396518207;;738;46247,40138
2132;25058;Korma de légumes Prosain 680g;https://www.etiketbio.eu/plats-prepares/12368-prosain-korma-de-legumes-680g-3335880006192.html;Korma de legumes 680g;3335880006192;;672;46247,52608
486;25168;Thé noir breakfast Destination x50 sachets;https://www.etiketbio.eu/the-noir-bio/24405-destination-the-noir-breakfast-50x2gr-ft-3700110055651.html;Thé noir Breakfast Destination x50;3700110055651;;746;46247,32117
567;26133;Petits Pois Carottes Luce 400g;https://www.etiketbio.eu/petits-pois-bio-en-conserve/22751-luce-petits-pois-carottes-400g-3329489900630.html;Petits pois carottes 400g;3329489900630;;727;46247,32984
1672;26468;Cocktail orange carotte citron Vitamont 20cl;https://www.etiketbio.eu/jus-d-orange-et-agrumes/7258-vitamont-tetra-cocktail-orange-carotte-citron-20cl-3289196260383.html;Tetra cocktail orange carotte citron 20cl;3289196260383;;745;46247,4977
640;26949;Boisson riz épeautre amande Bonneterre 1L;https://www.etiketbio.eu/boisson-a-l-amande-bio/8658-bonneterre-boisson-riz-epeautre-amande-1l-3396411221323.html;Boisson riz epeautre amande 1l;3396411221323;;704;46247,35395
391;27481;Déboucheur canalisation Ecodoo 1L;https://www.etiketbio.eu/entretien-canalisations/13269-ecodoo-deboucheur-canalisations-1l-3380380073472.html;Déboucheur canalisations Ecodoo 1L;3380380073472;;739;46246,65376
1275;28470;Muesli croustillant framboise chocolat Favrichon 500g;https://www.etiketbio.eu/granola-crunchy-krounchy/20156-favrichon-muesli-croustillant-framboise-et-chocolat-500g-3111900350557.html;Muesli framboise chocolat bio 500g Favrichon;3111900350557;;687;46247,43472
1284;28471;Muesli superfruits Favrichon 500g;https://www.etiketbio.eu/muesli-aux-fruits/6592-favrichon-muesli-superfruits-500g-3111900350618.html;Muesli superfruits bio 500g Favrichon;3111900350618;;754;46247,43551
783;28572;Croustilles au chèvre Bonneterre 100g;https://www.etiketbio.eu/biscuits-aperitif/8672-bonneterre-croustilles-au-chevre-100g-3396411222801.html;Croustilles au chevre 100g;3396411222801;;660;46247,3687
1188;28903;Purée pomme banane Danival 4x100g;https://www.etiketbio.eu/purees-de-fruits/9318-danival-puree-pomme-banane-4x100g-3431590013595.html;Puree pomme banane 4x100g;3431590013595;;690;46247,41892
1231;28905;Purée pomme framboise Danival 4x100g;https://www.etiketbio.eu/purees-de-fruits/9320-danival-puree-pomme-framboise-4x100g-3431590013625.html;Puree pomme framboise 4x100g;3431590013625;;700;46247,42491
1220;28908;Purée pomme mangue Danival 4x100g;https://www.etiketbio.eu/purees-de-fruits/9323-danival-puree-pomme-mangue-4x100g-3431590013663.html;Purée pomme mangue bio Danival 4x100g;3431590013663;;786;46247,42441
1319;29332;Muesli croustillant chocolat châtaigne Favrichon 375g;https://www.etiketbio.eu/granola-crunchy-krounchy/6600-favrichon-muesli-croustillant-chocolat-et-chataigne-375g-3111900350694.html;Muesli chocolat châtaigne bio 375g Favrichon;3111900350694;;687;46247,43887
1929;29489;Chili con carne Prosain 360g;https://www.etiketbio.eu/plats-prepares/7718-prosain-chili-con-carne-360g-3335880003214.html;Chili con carne 360g;3335880003214;;667;46247,5189
1928;29491;Risotto aux cèpes Prosain 365g;https://www.etiketbio.eu/plats-prepares/7725-prosain-risotto-aux-cepes-365g-3335880004112.html;Risotto aux cepes 365g;3335880004112;;677;46247,5187
1947;29492;Cocotte à l'Indienne Prosain 360g;https://www.etiketbio.eu/plats-prepares/7726-prosain-cocotte-a-lindienne-360g-3335880004129.html;Cocotte a l'indienne 360g;3335880004129;;686;46247,52109
2171;29493;Sarrasin aux légumes Prosain 350g;https://www.etiketbio.eu/plats-prepares/7727-prosain-sarrasin-aux-legumes-350g-3335880004136.html;Sarrasin aux legumes 350g;3335880004136;;690;46247,52691
95;29510;Double concentré tomates Priméal 200g;https://www.etiketbio.eu/sauce-tomate-nature/12384-primeal-double-concentre-de-tomates-200g-3380380073083.html;Double concentré tomate Priméal 200g;3380380073083;;789;46246,54458
74;29518;Spirales Demi-complètes Bio Priméal 500G;https://www.etiketbio.eu/pate-demi-complete/8266-primeal-spirales-1-2-completes-100-france-500g-3380390184403.html;Spirales demi-complètes bio 500g Priméal France;3380390184403;;788;46246,54157
1708;30164;Smoothie mangue coco Vitamont 25cl;https://www.etiketbio.eu/jus-de-fruits/14883-vitamont-smoothie-mangue-coco-25cl-3289196400246.html;Smoothie mangue coco 25cl;3289196400246;;678;46247,49853
1283;33647;Muesli croustillant pomme cannelle Favrichon 500g;https://www.etiketbio.eu/granola-crunchy-krounchy/6584-favrichon-muesli-croustillant-pomme-cannelle-500g-3111900350311.html;Muesli pomme cannelle bio 500g  Favrichon;3111900350311;;674;46247,43531
1281;33653;Muesli croustillant cranberry, myrtille et framboise Favrichon 450g;https://www.etiketbio.eu/granola-crunchy-krounchy/12198-favrichon-muesli-croustillant-cranb-myrt-fram-450g-3111900350755.html;Muesli Croustillant Cranberry, myrtille & framboise 450g;3111900350755;;668;46247,43512
122;34087;Boulgour ortie fenouil Priméal 300g;https://www.etiketbio.eu/melanges-prparations/22777-primeal-boulgour-ortie-et-fenouil-300g-3380380086335.html;Boulgour ortie et fenouil 300g;3380380086335;;665;46246,55037
111;34898;Velouté de Légumes Verts Priméal 33cl;https://www.etiketbio.eu/soupes-bio-pretes-a-deguster/16064-primeal-veloute-legumes-verts-33cl-3380380077760.html;Velouté légumes verts Priméal 33cl;3380380077760;;798;46246,54666
1090;35079;Ail et fines herbes Cook 10g;https://www.etiketbio.eu/melanges-epices-bio/8965-cook-melange-ail-et-fines-herbes-10g-3417960031994.html;Ail et fines herbes bio Cook 10g;3417960031994;;800;46247,40759
2343;36948;Thon listao Naturel Phare d'Eckmühl 112g;https://www.etiketbio.eu/thon-bio-en-conserves/12222-phare-deckmuhl-thon-listao-naturel-112g-cc-3263670451016.html;Thon listao naturel Phare d’Eckmühl;3263670451016;;776;46247,55736
2319;36951;Anchois à l'huile d'olive Phare d'Eckmühl 115g;https://www.etiketbio.eu/anchois/28815-anchois-entiers-a-l-huile-d-olive-115g-3263670591019.html;Anchois entiers à l'huile d'olive bio 115g – Phare d’Eckmühl;3263670591019;;683;46247,55595
2129;37158;Pois chiches Prosain 345g;https://www.etiketbio.eu/pois-chiches-bio-en-conserve/7744-prosain-pois-chiches-345g-3335880004655.html;Pois chiches bio Prosain 345g;3335880004655;;741;46247,52512
621;37459;Thé vert sencha Aromandise 85g;https://www.etiketbio.eu/the-vert-nature-bio/29777-the-vert-bio-sencha-85g-3560467100011.html;Thé vert Sencha bio 85g Aromandise;3560467100011;;781;46247,3481
144;38224;Riz long rouge complet incollable Priméal 500g;https://www.etiketbio.eu/riz-long/12062-primeal-riz-long-rouge-incollable-500g-3380380080289.html;Riz long rouge incollable bio Priméal 500g;3380380080289;;779;46246,55153
401;39240;Liquide vaisselle citron vert vinaigre Ecodoo 500ml;https://www.etiketbio.eu/liquide-vaisselle/12835-ecodoo-liquide-vaisselle-degraissant-citron-vert-500ml-3380380083181.html;Liquide vaisselle citron vert 500ml Ecodoo;3380380083181;;774;46246,65464
998;39824;Gaufrettes citron Bisson 190g;https://www.etiketbio.eu/biscuit-aux-fruits/12739-bisson-gaufrettes-citron-190g-3380380079115.html;Gaufrettes citron bio Bisson 190g;3380380079115;;748;46247,39347
1084;40303;Curry Madras Fort Cook 35g;https://www.etiketbio.eu/melanges-epices-bio/16356-cook-curry-madras-fort-35g-3417960037934.html;Curry Madras fort bio Cook 35g;3417960037934;;774;46247,40688
1085;40304;Mélange Thaï Cook 35g;https://www.etiketbio.eu/melanges-epices-bio/16357-cook-melange-thai-35g-3417960037941.html;Mélange thaï bio Cook 35g;3417960037941;;730;46247,40698
1086;40305;Mélange Cajun Cook 35g;https://www.etiketbio.eu/melanges-epices-bio/16358-cook-melange-cajun-35g-3417960037958.html;Mélange cajun bio Cook 35g;3417960037958;;733;46247,40707
1089;40310;Coriandre feuilles Cook 15g;https://www.etiketbio.eu/herbes-aromates-bio/17600-cook-coriandre-feuille-15g-3417960038122.html;Coriandre feuilles bio Cook 15g;3417960038122;;745;46247,40749
575;60096;Ratatouille Luce 375g;https://www.etiketbio.eu/ratatouille-bio-en-bocal/29423-ratatouille-luce-375gr-3329489900579.html;Ratatouille bio 375g Luce;3329489900579;;685;46247,33063
1861;60302;Nectar de pêche du Roussillon Vitamont 75cl;https://www.etiketbio.eu/jus-de-fruits/14468-vitamont-nectar-de-peche-du-roussillon-75cl-3289196500649.html;Nectar de peche du roussillon 75cl;3289196500649;;757;46247,5089
767;61061;Chocolat noir Togo  Bonneterre 80g;https://www.etiketbio.eu/chocolat-noir-bio/14980-tablette-chocolat-noir-togo-85-80g-3396411233692.html;Chocolat noir Togo 85% Bonneterre;3396411233692;;763;46247,36618
804;61887;Tartinade Betterave & Raifort Bonneterre 135g;https://www.etiketbio.eu/produit-vegetal-a-tartiner/14989-bonneterre-tartinade-legumes-betterave-raifort-135g-3396411234620.html;Tartinade legumes betterave raifort 135g;3396411234620;;675;46247,37233
511;66984;Thé Vert BIO Sencha N°9 Chine Destination 80g;https://www.etiketbio.eu/the-vert-nature-bio/24421-destination-the-vert-sencha-chine-bio-equitable-80gr-3700110050571.html;Thé vert Sencha Chine Destination 80g;3700110050571;;685;46247,3262
2179;73842;Confiture extra de fraise Prosain 730g;https://www.etiketbio.eu/confiture-de-fruits-rouges/23365-prosain-confiture-extra-de-fraises-730g-3335880000572.html;Confiture extra de fraises bio Prosain 730g;3335880000572;;670;46247,52791
1904;74825;Smoothie framboise litchi Vitamont 25cl;https://www.etiketbio.eu/jus-de-fruits/14888-vitamont-smoothie-framboise-litchi-25cl-3289196470133.html;Smoothie Framboise Litchi Bio 25cl – Vitamont;3289196470133;;793;46247,50993
1752;75181;Mojito sans alcool Vitamont 75cl;https://www.etiketbio.eu/jus-de-fruits/17662-vitamont-mojito-sans-alcool-75cl-3289196500762.html;Mojito sans alcool 75cl;3289196500762;;669;46247,50191
1002;77147;Tartelettes chocolat noisettes Bisson 150g;https://www.etiketbio.eu/biscuits-au-chocolat/15192-bisson-tartelettes-chocolat-noisettes-150g-3380380087448.html;Tartelettes chocolat noisettes 150g;3380380087448;;727;46247,39514
21;78303;Quinoa Blanc origine France Priméal 400g;https://www.etiketbio.eu/quinoa-bio/19286-primeal-quinoa-blanc-france-400g-3380380079634.html;Quinoa blanc France Priméal 400g;3380380079634;;741;46246,53797
1673;78433;Pur jus de cranberry Vitamont 50cl;https://www.etiketbio.eu/jus-de-cranberry-bio/7329-vitamont-pur-jus-de-cranberry-50cl-3289196800022.html;Pur jus cranberry bio Vitamont 50cl;3289196800022;;749;46247,49789
1674;78434;Pur jus de myrtille sauvage Vitamont 50cl;https://www.etiketbio.eu/jus-de-fruits/7328-vitamont-pur-jus-de-myrtille-sauvage-50cl-3289196800015.html;Pur jus de myrtille sauvage 50cl;3289196800015;;751;46247,49809
917;78853;Huile de coco vierge Bio Planète 950ml;https://www.etiketbio.eu/huile-de-coco/16312-bioplanete-huile-de-coco-950ml-4260355584235.html;Huile de Coco Vierge Bio 950ml – Bioplanète;4260355584235;;651;46247,38975
399;79576;Savon noir en spray Ecodoo 750ml;https://www.etiketbio.eu/savon-noir/19213-ecodoo-savon-noir-en-spray-750ml-3380380089015.html;Savon noir en spray 750ml;3380380089015;;731;46246,65438
1310;80549;Muesli croustillant nature Favrichon 1kg;https://www.etiketbio.eu/muesli-nature/19511-muesli-croustillant-intensement-nature-1kg-3111900410008.html;Muesli croustillant nature bio 1kg Favrichon;3111900410008;;794;46247,43767
626;83426;Spaghettis de konjac & riz Aromandise 150g;https://www.etiketbio.eu/specialites/30656-spaghettis-de-konjac-et-riz-150g-3560464010054.html;Spaghettis de Konjac bio 150g - Aromandise;3560464010054;;750;46247,34927
102;85124;Sauce tomate provençale Priméal 510g;https://www.etiketbio.eu/sauce-tomate-preparee/19634-primeal-sauce-tomate-provencale-510g-3380380090004.html;Sauce provençale bio Priméal 510g;3380380090004;;672;46246,54575
636;88760;Boisson amande grillée Bonneterre 1L;https://www.etiketbio.eu/boisson-a-l-amande-bio/22090-bonneterre-boisson-amande-grillee-1l-3396411240904.html;Boisson amande grillée 1L bio – Bonneterre;3396411240904;;789;46247,35279
160;89397;Velouté butternut patates douces Priméal 1l;https://www.etiketbio.eu/soupes-bio-pretes-a-deguster/23659-primeal-veloute-butternut-et-patate-douce-1l-3380380090103.html;Velouté butternut patate douce Priméal 1L;3380380090103;;651;46246,55281
510;92121;Saucisse Toulouse Lentilles Luce 840g;https://www.etiketbio.eu/plats-prepares/22765-luce-saucisse-de-toulouse-lentilles-840g-3329489904027.html;Saucisse de toulouse lentilles 840g;3329489904027;;711;46247,32611
1087;92878;Épices du pêcheur Cook 30g;https://www.etiketbio.eu/melanges-epices-bio/23761-cook-epices-du-pecheur-30g-3417960041696.html;Épices du pêcheur bio Cook 30g;3417960041696;;774;46247,4072
107;94175;Taboulé au chanvre Priméal 300G;https://www.etiketbio.eu/melanges-prparations/20024-primeal-taboule-au-chanvre-300g-3380380092213.html;Taboule au chanvre 300g;3380380092213;;681;46246,54646
1517;96502;Graines à germer fenugrec Germline 150g;https://www.etiketbio.eu/graines-a-germer/23337-germline-fenugrec-a-germer-150gr-3465511152155.html;Fenugrec à germer bio Germline 150g;3465511152155;;698;46247,46103
559;99880;Sirop d'agave Destination 500ml;https://www.etiketbio.eu/sirop-d-agave/24399-destination-sirop-dagave-equitable-500gr-3700110053312.html;Sirop d’agave bio Destination 500ml;3700110053312;;750;46247,32916
53;101840;Lentilles beluga Priméal 500g;https://www.etiketbio.eu/lentilles-bio/24686-primeal-lentilles-beluga-500g-3380390000390.html;Lentilles beluga bio Priméal 500g;3380390000390;;748;46246,54015
1352;102488;Liquide vaisselle framboise Etamine Du Lys;https://www.etiketbio.eu/liquide-vaisselle/23967-etamine-du-lys-liquide-vaisselle-framboise-basilic-500ml-3538395214100.html;Liquide vaisselle framboise basilic Etamine du Lys;3538395214100;;783;46247,44551
1308;102759;Céréales Bombs miel Favrichon 300g;https://www.etiketbio.eu/cereale-soufflee/23979-favrichon-crosti-bombs-miel-300gr-3111900330085.html;Crosti Bombs Miel Favrichon 300g;3111900330085;;703;46247,43709
1199;103597;Purée pomme poire Danival 4x100g;https://www.etiketbio.eu/purees-de-fruits/12448-danival-dessert-de-fruits-pomme-poire-100-4x100-3431590013632.html;Purée pomme poire bio Danival 4x100g;3431590013632;;784;46247,4198
1033;104945;Biscuits petit beurre sans gluten Céliane 130g;https://www.etiketbio.eu/biscuits-secs/29641-biscuits-petit-beurre-130g-celiane-3700566453506.html;Petit Beurre Céliane sans gluten 130g;3700566453506;;764;46247,40186
743;108580;Thé vert Gunpowder Elibio 200g;https://www.etiketbio.eu/the-vert-nature-bio/25937-elibio-the-vert-gunpowder-200g-3760294960387.html;The vert gunpowder 200g;3760294960387;;694;46247,361
82;109459;Coquillettes demi complètes Italie Priméal 1kg;https://www.etiketbio.eu/pate-demi-complete/22736-primeal-coquillettes-demi-completes-1kg-cc-3380380094880.html;Coquillettes demi-complètes bio 1kg Priméal;3380380094880;;730;46246,54293
795;109668;Huile de colza vierge Elibio 1l;https://www.etiketbio.eu/huile-de-colza/24278-elibio-huile-colza-vierge-france-1l-3760294960585.html;Huile de colza vierge 1L France Elibio;3760294960585;;770;46247,37056
1320;111853;Muesli croustillant nature Favrichon 1kg;https://www.etiketbio.eu/muesli-nature/19511-muesli-croustillant-intensement-nature-1kg-3111900410008.html;Muesli croustillant nature bio 1kg Favrichon;3111900410008;;794;46247,43895
2;113057;Lait de coco Priméal 400ml;https://www.etiketbio.eu/lait-de-coco-bio/15184-primeal-lait-de-coco-400ml-3380380083631.html;Lait de Coco Bio 400ml – Priméal;3380380083631;;774;46246,53671
1913;113419;Sauce tomate à l'ail rôti Prosain 360g;https://www.etiketbio.eu/sauce-tomate-preparee/25223-prosain-sauce-tomate-a-lail-roti-360gr-3335880007267.html;Sauce tomate ail rôti Prosain 360g;3335880007267;;684;46247,51537
744;115894;Thé noir Breakfast Elibio 200g;https://www.etiketbio.eu/the-noir-bio/25938-elibio-the-noir-beakfast-200g-3760294960394.html;The noir beakfast 200g Elibio;3760294960394;;786;46247,36119
1081;116349;Feuilles de thym Cook 60g;https://www.etiketbio.eu/herbes-aromates-bio/25899-cook-thym-feuilles-60gr-3417960045083.html;Thym feuilles bio Cook 60g;3417960045083;;690;46247,40647
780;117510;Muesli croquant chocolat noir Elibio 500g;https://www.etiketbio.eu/muesli-au-chocolat-bio/29959-muesli-croquant-chocolat-500g-3760294961346.html;Muesli croquant chocolat Elibio 500g;3760294961346;;779;46247,3684
752;119068;Miel de fleurs sauvages Elibio 500g;https://www.etiketbio.eu/miels-pollen/30911-miel-de-fleurs-sauvages-france-500g-3760294961520.html;Miel de fleurs sauvages France Elibio 500g;3760294961520;;779;46247,36372
3;119597;Lait de coco Priméal 225ml;https://www.etiketbio.eu/lait-de-coco-bio/15185-primeal-lait-de-coco-225ml-3380380083648.html;Lait de coco 225ml;3380380083648;;655;46246,53676
508;120582;Concentré de tomate 22% Luce 100g;https://www.etiketbio.eu/sauce-tomate-nature/22630-luce-concentre-de-tomate-22-100g-3329489901705.html;Concentré de tomate bio Luce 100g;3329489901705;;769;46247,32497
1330;120743;Muesli croustillant protéiné chocolat Favrichon 450g;https://www.etiketbio.eu/muesli-au-chocolat-bio/29050-muesli-croustillant-proteine-chocolat-450g-3111900350977.html;Muesli protéiné chocolat 450g - Favrichon;3111900350977;;714;46247,44064
59;121183;Lentilles corail Priméal 1kg;https://www.etiketbio.eu/lentilles-bio/12073-primeal-lentilles-corail-1kg-3380390202305.html;Lentilles corail bio Priméal 1kg;3380390202305;;747;46246,54047
46;121205;Couscous de sarrasin Priméal 400g;https://www.etiketbio.eu/semoule-couscous-sans-gluten/27514-couscous-de-sarrasin-400g-3380380103698.html;Couscous de sarrasin 400g;3380380103698;;690;46246,53932
2409;121228;Lentilles vertes cuisson rapide Markal 400g;https://www.etiketbio.eu/lentilles-bio/28823-lentilles-vertes-cuissons-rapide-400g-3329480002548.html;Lentilles vertes cuisson rapide 400g;3329480002548;;759;46247,56323
2413;121230;Pois cassés cuisson rapide Markal 400g;https://www.etiketbio.eu/pois-casses-bio-/28825-pois-casses-cuisson-rapide-400g-3329480002562.html;Pois cassés cuisson rapide 400g;3329480002562;;749;46247,56362
1;121231;Psyllium blond Priméal 150g;https://www.etiketbio.eu/psyllium/8069-primeal-psyllium-blond-teguments-150g-3380380070495.html;Psyllium Blond Téguments 150g Priméal;3380380070495;;675;46246,53667
615;121372;Krounchy chocolat cacao Grillon d'Or 500g;https://www.etiketbio.eu/granola-crunchy-krounchy/9028-grillon-dor-krounchy-too-chocolat-500g-3421557110214.html;Krounchy duo chocolat Grillon d’Or 500g;3421557110214;;726;46247,34234
757;121518;Farine de blé T65 Elibio 1kg;https://www.etiketbio.eu/farines-de-ble/24211-elibio-farine-de-ble-t65-3760294960981.html;Farine de blé T65 Elibio;3760294960981;;769;46247,36468
1476;121700;Huile d'olive vierge extra Grèce Emile Noël 50cl;https://www.etiketbio.eu/huile-d-olive/29180-huile-olive-vierge-extra-grece-50cl-3291960018694.html;Huile olive vierge extra Grèce 50cl - EMILE NOEL;3291960018694;;753;46247,4538
2363;121821;Moules à l'escabèche Phare d'Eckmühl 111g;https://www.etiketbio.eu/saumon-et-poissons/29905-moules-a-l-escabeche-111g-phare-d-eckmuhl-3263670651010.html;Moules à l’escabèche bio – Phare d’Eckmühl;3263670651010;;736;46247,55897
1183;121926;Masque cheveux bouclés Dermaclay 250ml;https://www.etiketbio.eu/masques-cheveux-bio/29809-masque-boucles-250ml-3567730332049.html;Masque Boucles 250ml Dermaclay;3567730332049;;706;46247,41766
498;122467;Thé vert earl grey Destination 80g;https://www.etiketbio.eu/the-vert-parfume/21859-destination-the-vert-earl-grey-80g-3700110044389.html;The vert earl grey 80g;3700110044389;;655;46247,3237
2453;122905;Petits flocons d'avoine Markal 1kg;https://www.etiketbio.eu/flocons-d-avoine-bio/30900-petits-flocons-d-avoine-format-familial-markal-1kg-3329480004122.html;Petits flocons d’avoine bio Markal 1kg;3329480004122;;786;46247,5666
430;122918;Jus de citron Luce 50cl;https://www.etiketbio.eu/jus-de-citron-bio/23950-luce-pur-jus-de-citron-50cl-3329489900081.html;Jus citron bio Luce 50cl;3329489900081;;681;46247,32176
1506;122952;Cacahuètes torréfiées Go Nuts 125g;https://www.etiketbio.eu/fruits-seches-deshydrates-bio/30645-cacahuetes-torrefiees-125g-3770008500792.html;Cacahuètes torréfiées 125g bio – Go Nuts;3770008500792;;787;46247,45731
499;122954;Fettuccine blanches Luce 500g;https://www.etiketbio.eu/pate-blanche/31065-fettuccine-blanches-500g-3329480003736.html;Fettuccine blanches bio Luce 500g;3329480003736;;748;46247,32399
1838;122964;Kivi cerise hibiscus Vitamont 75cl;https://www.etiketbio.eu/kombucha/30829-kivi-cerise-hibiscus-75cl-vitamont-3289196810298.html;Kivi cerise hibiscus bio 75cl – Vitamont;3289196810298;;787;46247,5077
402;123017;Produit vaisselle en poudre Ecodoo 200g;https://www.etiketbio.eu/poudre-gel-lave-vaisselle/30762-ecd-vaisselle-main-poudre-200g-3380380114564.html;Produit vaisselle poudre Ecodoo 200g;3380380114564;;800;46246,65472
747;123033;Boisson végétale amande intense Elibio;https://www.etiketbio.eu/boisson-a-l-amande-bio/24205-elibio-boisson-amande-intense-avec-sucre-de-canne-1l-cc-3760294960882.html;Boisson amande intense 1L Elibio;3760294960882;;663;46247,36177
756;123065;Farine de blé T80 Elibio 1kg;https://www.etiketbio.eu/farines-de-ble/24210-elibio-farine-de-ble-t80-3760294960974.html;Farine de blé T80 Elibio;3760294960974;;769;46247,36448
2047;123105;Mezze poivrons et noix Prosain 220g;https://www.etiketbio.eu/conserves-de-legumes/29973-mezze-poivrons-et-noix-220g-prosa-3335880007366.html;Mezzé poivrons & noix Prosain 220g;3335880007366;;796;46247,52266
1326;123113;Epeautre complet soufflé Favrichon 150g;https://www.etiketbio.eu/cereale-soufflee/30649-epeautre-complet-souffle-150g-3111900351035.html;Épeautre soufflé bio Favrichon 150g;3111900351035;;714;46247,43968
